"site_no","station_nm","dec_lon_va","dec_lat_va","Alk","Ca","Mg","Na","K","SO4","Cl","Ca_Na","Mg_Na","K_Na","SO4_Na","Cl_Na","Alk_Na"
"USGS-03275000","WHITEWATER RIVER NEAR ALPINE, IN",-85.15588889,39.5743333,0.00476131338154688,0.00186091287245665,0.00110436814183492,0.00043048012753641,6.06404910025149e-05,0.00040181900242944,0.0006028082489366,4.32287753468768,2.56543350364415,0.140867108894325,0.933420561662177,1.40031608981906,11.0604719637009
"USGS-05540095","WEST BRANCH DU PAGE RIVER NEAR WARRENVILLE, IL",-88.17138889,41.8175,0.00464371051916751,0.00207687244748527,0.00153244760588659,0.00425065747049677,0.00014796170613196,0.001285792824649,0.00420882743574121,0.488600284050306,0.36052013518452,0.034809134153704,0.302492692853637,0.990159161248373,1.09246876545543
"USGS-07143330","ARKANSAS R NR HUTCHINSON, KS",-97.7750488,37.94640028,0.003031394475643,0.00209843305403885,0.0008855728292944,0.0087538088350345,0.00026415434400196,0.00225577146537047,0.00739959665060057,0.239716572932287,0.101164286995869,0.0301759324403761,0.257690281782534,0.845300233309402,0.346294342584995
"USGS-09316100","FLOYWASH@HIGHWAY BRIDGE 6&50 NEAR GREEN RIVER,UT",-109.9423497,38.92330555,0.00828466387377509,0.00154866014590133,0.00415523625369339,0.0130800620848286,0.00010562567405834,0.00798656980917993,0.00067662496701977,0.118398531739204,0.317677104798531,0.00807531901403278,0.610591123909378,0.0517294920032978,0.63338108183633
"USGS-07257000","BIG PINEY CREEK NEAR DOVER, ARK",-93.1585084,35.54952544,0.00033079641605592,0.00012946481299583,4.98530766324188e-05,4.47356461460184e-05,1.86650963126377e-05,3.11922807615481e-05,4.0313746170644e-05,2.89399671513093,1.11439268072036,0.417230953850858,0.697257856961216,0.901154887515402,7.3944705073934
"USGS-12032500","CLOQUALLUM CREEK AT ELMA, WA",-123.3876572,47.0045403,0.00032890334081214,9.6884034516812e-05,6.73288193603526e-05,0.00013357848007471,1.29310893064733e-05,2.97708388330425e-05,8.43926560938878e-05,0.725296727905725,0.504039418046174,0.0968051837334901,0.222871519547088,0.631783323531478,2.46224796560175
"USGS-04256000","INDEPENDENCE RIVER AT DONNATTSBURG NY",-75.3334444,43.74680556,0.00025046742081609,0.00015912412113426,2.81495243827256e-05,3.4416933581683e-05,1.08432116433453e-05,7.91034675135205e-05,1.59366670052528e-05,4.62342529024574,0.817897513034312,0.315054553526994,2.29838801082558,0.463047266178719,7.27744731301082
"USGS-02090960","NAHUNTA SWAMP NEAR PIKEVILLE, NC",-77.9810978,35.51377148,0.00026718397566173,0.0001628284448983,9.80332512129895e-05,0.000211543587197,0.00010102546096602,6.64193097559911e-05,0.00031407521328478,0.769715816280749,0.463418686011468,0.477563334840957,0.313974583848462,1.48468321562633,1.26302091782584
"USGS-08180800","Medina Rv nr Somerset, TX",-98.5814074,29.26218286,0.00424439966700384,0.00189100436538687,0.0007152344614238,0.00125807118973341,7.36057996184009e-05,0.00061536131176097,0.00093636237683445,1.50309806060146,0.568516684318451,0.0585068636966387,0.489130755701807,0.744284094950836,3.37373568494422
"USGS-02303420","CYPRESS CREEK AT SR 54 AT WORTHINGTON GARDENS, FL",-82.4022222,28.1872222,0.00087020312048053,0.00059165455368464,9.32476926254721e-05,0.00022196905599432,6.21550103483922e-05,8.41337888337436e-05,0.00037086517742384,2.66548213684234,0.420093207171428,0.280016554875019,0.379033863332252,1.67079675030614,3.92038032771004
"USGS-09211200","GREEN RIVER BELOW FONTENELLE RESERVOIR, WY",-110.0498056,42.0209722,0.00260780079640105,0.00106150312710457,0.00052002511889642,0.0006853744415429,3.93311460827829e-05,0.00058472879451755,0.00010792584030512,1.54879298491921,0.758746004192618,0.0573863624010276,0.853152319484259,0.157469893482107,3.80492857383245
"USGS-08012150","Mermentau River At Mermentau, LA",-92.5905556,30.19,0.00084899050482892,0.00022323639343579,0.00013494481923938,0.00051897261121561,8.72608613621747e-05,3.27771422067814e-05,0.00034246776841579,0.430150625700451,0.260023007617488,0.168141554055771,0.0631577495583169,0.659895649625161,1.63590618556979
"USGS-06853000","REPUBLICAN RIVER NEAR GUIDE ROCK, NEBR.",-98.3736111,40.06888889,0.00386456012174633,0.0015258721551337,0.00055624640217445,0.00099558438914837,0.00034829668526714,0.00057035236139662,0.00038663924116513,1.53263969560526,0.55871346340642,0.349841448965545,0.572881985307651,0.388354061573698,3.881700199269
"USGS-02154790","SOUTH PACOLET RIVER NR CAMPOBELLO, SC",-82.1295549,35.1065051,0.00025650704725929,6.27431308193482e-05,4.62907566254919e-05,0.00012943335185977,4.00352958366177e-05,3.49091823850511e-05,7.36565706523901e-05,0.484752422137086,0.357641643056897,0.309312053356933,0.269707783067154,0.569069483205436,1.98176933204347
"USGS-06109500","Missouri River at Virgelle MT",-110.2588222,48.0037833,0.00283554818851142,0.00113905137619493,0.00068844727808361,0.00100123120890487,7.94469081844881e-05,0.00082342983909841,0.00022053772225666,1.13765069053412,0.687600697981262,0.0793492127271841,0.822417271630062,0.220266528145764,2.83206132938355
"USGS-01628500","S F SHENANDOAH RIVER NEAR LYNNWOOD, VA",-78.7547457,38.32262796,0.00183761557359644,0.00079692830626617,0.00021950612067649,0.00021914151351974,7.11269702871151e-05,9.80814667752815e-05,0.00025810596156881,3.63659214297775,1.00166379774829,0.324570954835106,0.447571367012771,1.17780496001527,8.38552013300226
"USGS-02097517","MORGAN CREEK NEAR CHAPEL HILL, NC",-79.0197222,35.8933333,0.00038145743303828,0.00013198311434189,7.80237312032429e-05,0.00040013604588037,5.83232606783374e-05,0.00011675304207627,0.00018930855015134,0.329845600516963,0.194993008019499,0.145758577060997,0.291783365378635,0.473110463554546,0.953319344671886
"USGS-09250700","MORGAN GULCH NEAR AXIAL, CO.",-107.8856307,40.33580486,0.00904252462408872,0.00247874502283819,0.00563735411236373,0.00265271403159042,0.00023516284170221,0.00494190450195044,0.00043873420558105,0.934418483605666,2.12512696251088,0.0886499030433465,1.86296164724079,0.165390690574366,3.40878229481348
"USGS-02337500","SNAKE CREEK NEAR WHITESBURG, GA",-84.9282734,33.52955639,0.00015129392771309,3.84967166803459e-05,3.0578423708227e-05,9.26525176465608e-05,2.97744585127994e-05,2.0849853939423e-05,6.21660444400381e-05,0.415495635285361,0.330033381552283,0.321356173249164,0.225032783447487,0.670959041579219,1.63291761040135
"USGS-08033500","Neches Rv nr Rockland, TX",-94.3994444,31.025,0.00032122660168309,0.00019799798422636,0.00011791011802355,0.00061377839514509,8.05747062489474e-05,0.00022911458051533,0.00050073904920161,0.322588715719713,0.192105357497445,0.13127654359665,0.373285508788844,0.81583036021208,0.523359251847172
"USGS-01201487","STILL RIVER AT ROUTE 7 AT BROOKFIELD CENTER, CT",-73.40320278,41.4658222,0.00202140511794769,0.00092066790558825,0.00050331067106554,0.00178355336841312,9.90098816677034e-05,0.00016855146906273,0.00220960521825292,0.516198686225687,0.282195464391041,0.0555127104246931,0.0945031822696182,1.23887810557577,1.13335835851449
"USGS-01104410","CAMBRIDGE RES., UNNAMED TRIB 1, NR LEXINGTON, MA",-71.2642235,42.43648406,0.00027818730364715,0.00047010583119178,0.0001225525364739,0.00405343968542507,3.46923187062897e-05,0.00010145738751664,0.00475547889662945,0.115977014011615,0.0302342074842187,0.00855873564149299,0.0250299487325439,1.17319591894477,0.0686299353725258
"USGS-08396500","PECOS RIVER NEAR ARTESIA, NM",-104.3238333,32.8408611,0.00235644870986117,0.00946507541975595,0.00347574118998277,0.0161864833982139,0.00013986256764463,0.0116838133855571,0.0168902009521731,0.584751807227033,0.214731087937625,0.00864070126931114,0.721825309310008,1.04347562942775,0.145581263816772
"USGS-08435660","Moss Ck nr Alpine, TX",-103.64325,30.34098889,0.00094362575269692,0.00045659163666228,0.00012136566866404,0.00011765288366773,8.00411002373713e-05,7.48339420190027e-05,5.74575803502039e-05,3.88083676683822,1.031557110039,0.680315668789024,0.636057015230865,0.488365253438847,8.02042179741076
"USGS-07364200","Bayou Bartholomew near Jones, LA",-91.6556779,32.9904049,0.0004136654216524,0.00013607251067564,7.81500550444745e-05,0.00034384979887,7.58460101980636e-05,5.83543745290185e-05,0.00010728380358354,0.395732413172312,0.227279629946852,0.220578899412815,0.169708909880967,0.312007754362836,1.20304104586316
"USGS-07311622","N Wichita Rv nr Crowell, TX",-99.9470437,33.87008366,0.00199461010568351,0.0033321372921321,0.00098534185502109,0.0154839662480347,0.00019751612680676,0.00323998629126372,0.0156227332232408,0.215199209217796,0.0636362698831228,0.0127561713609284,0.209247827033655,1.00896197866769,0.128817776642769
"USGS-01208873","ROOSTER RIVER AT FAIRFIELD, CT",-73.21900219,41.1798189,0.00040833425192467,0.00031120568974575,0.00011240501686044,0.00155492340177698,7.38290818562427e-05,0.00015836093923316,0.00174706834311306,0.200142135226794,0.0722897454189604,0.0474808481060034,0.101844849111016,1.12357196574217,0.262607310082299
"USGS-07072000","Eleven Point River near Ravenden Springs, AR",-91.1141667,36.34638889,0.00310492672466278,0.00082448479311994,0.00076848744173322,7.88804230279257e-05,3.26421642064795e-05,4.15141455856629e-05,6.01947062147715e-05,10.4523373667513,9.74243560358648,0.41381832086427,0.526292126640419,0.763113379773091,39.36245021865
"USGS-08070000","E Fk San Jacinto Rv nr Cleveland, TX",-95.1040999,30.33659809,0.00049405279410963,0.00031581742586281,6.5702864613702e-05,0.00050116161926619,5.7353771608505e-05,9.93024692276435e-05,0.00063122309492927,0.630170814607145,0.13110114998412,0.114441667924377,0.198144601282602,1.25952002440553,0.985815304118925
"USGS-14048000","JOHN DAY RIVER AT MCDONALD FERRY, OR",-120.4094919,45.5876278,0.00157104550005956,0.00041388534717048,0.00027500408296865,0.00036427840357286,4.08157299111519e-05,5.90583081678315e-05,4.95877598815207e-05,1.13617865651948,0.754928319305766,0.112045428745785,0.162124099558425,0.136125994281189,4.31276047289831
"USGS-06889200","SOLDIER C NR DELIA, KS",-95.8885992,39.23833024,0.00291068974788875,0.00130648152579734,0.00036013088542878,0.00035565536943881,8.4925707636625e-05,0.00027590286441509,0.0001716196766977,3.67344805691761,1.01258385609933,0.238786519013133,0.775759030013902,0.482544877555195,8.18401744498187
"USGS-12128000","THORNTON CREEK NEAR SEATTLE, WA",-122.2762368,47.69565378,0.00121912917831358,0.00036994020158054,0.00033388803091041,0.00027660969908078,5.41809291070682e-05,0.00014223901103722,0.00017152421115194,1.33740864044143,1.20707275276308,0.195875015543994,0.514222789402935,0.620094710062394,4.40739851988174
"USGS-10346000","TRUCKEE R A FARAD CA",-120.0340873,39.42796385,0.00074211636931367,0.00021300716675441,0.00010810702467189,0.0002305796476999,3.65575041407044e-05,3.33899816227175e-05,0.00010714676766731,0.923789974003439,0.468848945474121,0.158546101121134,0.144808884720711,0.464684410511237,3.2184816687704
"USGS-06164615","Little Warm C at Reservation Bndry nr Zortman MT",-108.3628667,47.9730333,0.00343361007969272,0.00679828357343479,0.00389036512613321,0.00308128095860023,0.0002930613602835,0.0105499804135283,0.00133251532487496,2.20631732866163,1.26258045871303,0.0951102363663184,3.42389433332329,0.432454989589882,1.11434501618851
"USGS-08207000","Frio Rv at Calliham, TX",-98.3466783,28.49221399,0.00227469071587907,0.00146762861354924,0.00035774440091147,0.0019040946911515,0.00015502623515978,0.00062955570084659,0.00209494890048136,0.770775014693041,0.187881622995927,0.0814172928900049,0.330632559279851,1.10023357042944,1.19463108975082
"USGS-08175800","Guadalupe Rv at Cuero, TX",-97.3297129,29.09053147,0.00328035167796248,0.00139806418633805,0.00049305425099567,0.00089968740193192,8.76758773975019e-05,0.00028224988885767,0.0008391638666803,1.55394438483405,0.548028404017799,0.0974514894942765,0.313719952342998,0.932728261925577,3.64610160253271
"USGS-02343500","CHATTAHOOCHEE RIVER AT COLUMBIA, AL.",-85.0957629,31.2840655,0.0003479710931714,0.00013076320021991,4.86531828465946e-05,0.00018703865438397,3.24081500598359e-05,5.11424292990018e-05,0.00010278739978148,0.69912393590832,0.260123678748857,0.173269799050764,0.273432406084422,0.549551642787544,1.86042342058905
"USGS-02326512","AUCILLA RIVER NR SCANLON, FLA.",-83.918772,30.23131776,0.00054558067326095,0.00028687110552415,9.48822456771935e-05,0.0001111136690256,9.05676438987078e-06,8.15906705924002e-05,0.00016247322167131,2.58178051395321,0.853920552792924,0.0815090030712949,0.734299130862103,1.46222533281547,4.91011302250527
"USGS-11303500","SAN JOAQUIN R NR VERNALIS CA",-121.2663293,37.6760406,0.00125771665930029,0.00048015962532856,0.00037517823320643,0.00166153120271718,5.79171367227011e-05,0.00042238854172598,0.00128312260236421,0.288986222192722,0.225802700901969,0.0348576882745183,0.254216436643037,0.772253088154984,0.75696240747299
"USGS-02429500","ALABAMA RIVER AT CLAIBORNE AL",-87.5124908,31.54682748,0.00078345757055264,0.00029716637213745,0.00012166521111747,0.00026191189793367,3.99914557379382e-05,7.45656401008721e-05,0.00015400056759192,1.1346043248967,0.464527240180128,0.152690488876016,0.284697414241771,0.587986146512981,2.99130194822628
"USGS-06821190","Platte River at Sharps Station, MO",-94.7268333,39.4009722,0.00229940077478496,0.00099909392487525,0.00033451249355926,0.00037237344905557,0.0001256455499915,0.00024976102397272,0.00026304008698026,2.68304286304296,0.898325308659007,0.337418122345104,0.670727262124019,0.706387868542704,6.17498583912672
"USGS-09146200","UNCOMPAHGRE RIVER NEAR RIDGWAY, CO.",-107.7458924,38.1838791,0.00139279348290388,0.00162181195238464,0.00028459984868697,0.00051248080711654,3.50124032119264e-05,0.00144470483735051,8.37810054763322e-05,3.16462964049273,0.555337575056258,0.0683194428468898,2.81904183978928,0.163481254932695,2.71774759866696
"USGS-06871800","NF SOLOMON R AT KIRWIN, KS",-99.115644,39.6600106,0.00299395293681356,0.00172864308451272,0.00056829907158829,0.00095026260807055,0.00038835601657585,0.0010297780759585,0.00087292527772929,1.81912144056958,0.598044231943618,0.408682834910642,1.08367736161838,0.918614781130565,3.15065847207498
"USGS-06288200","Beauvais Creek near St. Xavier MT",-108.0079639,45.47703889,0.00310660606858597,0.00304500445687066,0.00127220210088545,0.00341573854897625,9.57886891388713e-05,0.00440525994293842,0.00010156831415423,0.891462977394244,0.372453009105966,0.0280433317027677,1.28969471163381,0.0297353889057691,0.909497616413608
"USGS-03530500","N F POWELL RIVER AT PENNINGTON GAP, VA",-83.032945,36.77397768,0.00042575439623366,0.00039359311618212,0.00029522914941433,0.00028643439185969,3.69718083712999e-05,0.00060053699833375,4.79596896732232e-05,1.3741126323089,1.0307042652858,0.129076009801958,2.09659529512054,0.167436910637167,1.48639412142313
"USGS-08065350","Trinity Rv nr Crockett, TX",-95.6563407,31.33851319,0.0020246541499127,0.00107710748991004,0.00016616605047401,0.00111825901725638,0.00013355750499816,0.00041331687982718,0.00075292637393056,0.963200361712889,0.148593526106055,0.119433425474041,0.369607464325433,0.673302305022182,1.81054131347864
"USGS-03248500","LICKING RIVER NEAR SALYERSVILLE, KY",-83.0843377,37.75092537,0.00042454872966047,0.00029003966604017,0.00018870731622388,0.00043717300026312,4.70880593506975e-05,0.00023445177788671,0.0005152729820279,0.663443684458098,0.431653638514503,0.107710355676942,0.536290616633694,1.17864777037413,0.971122940815068
"USGS-07040100","St. Francis River at St. Francis, AR",-90.1377778,36.45555556,0.00101843962620306,0.00032124929211204,0.00026934831537556,0.00011503077839113,4.38209389631172e-05,0.00010626492684292,7.6724261144412e-05,2.79272466556492,2.34153258060828,0.380949686475351,0.923795599136067,0.666988976494025,8.85362718089348
"USGS-02274500","TAYLOR CREEK AB OKEECHOBEE, FLA.",-80.8220049,27.28448929,0.00057859675013912,0.00038947929273915,0.00014088382336074,0.00086081531715254,5.60513133726529e-05,0.00015320302303342,0.0010617344756531,0.4524539526405,0.163663239435342,0.0651142146936496,0.177974322692347,1.23340564984969,0.672149691821285
"USGS-09306025","WEST FORK STEWART GULCH NEAR RIO BLANCO, CO.",-108.189805,39.783585,0.00484604689450209,0.00125239448996331,0.00192430863148467,0.00322678921966654,0.00017571366415234,0.00231053506625485,0.00019030544203825,0.388124046755286,0.596353991688224,0.0544546458384724,0.716047720803289,0.0589767192968121,1.50181699658799
"USGS-06844500","Republican River near Orleans, Nebr.",-99.5025,40.13166667,0.00480496039474608,0.00159103097130205,0.00081558937579057,0.00166036015076169,0.00039721249858644,0.00073096000013855,0.00054517607580549,0.958244493263803,0.491212328491758,0.239232734177717,0.440241835365194,0.328348084935306,2.89392659330074
"USGS-07026040","OBION RIVER AT HWY 51 NEAR OBION, TN",-89.217644,36.2408294,0.00042558449746587,0.00014609215952208,8.40979673229292e-05,0.00014184040181282,8.72854741059621e-05,5.60819854215881e-05,0.00020449561679969,1.02997564625396,0.592905591411855,0.615378079802287,0.3953879480375,1.44173038278293,3.00044622002327
"USGS-01372200","WAPPINGER CREEK NEAR CLINTON CORNERS NY",-73.7633333,41.81527778,0.00097751394908414,0.00049508489012824,0.00018724564397202,0.0002521765565337,3.91202493056318e-05,0.0001645277587513,0.00026314265182488,1.96324708741146,0.74251804587157,0.155130396906675,0.652430824707981,1.04348578409476,3.87630778419924
"USGS-03202245","MARSH FORK AT MABEN, WV",-81.3937143,37.63872486,0.00021386596671424,7.6319776196033e-05,5.7459005656393e-05,0.00017189411739615,2.81388267127098e-05,8.82821442791906e-05,0.00014583737895675,0.443992949567571,0.334269761681085,0.163698602017077,0.513584441495062,0.848414018850059,1.24417269161898
"USGS-09357500","ANIMAS RIVER AT HOWARDSVILLE, CO.",-107.5995046,37.83305235,0.00045442354360997,0.00066941025567717,7.25558026775407e-05,6.76176297160766e-05,1.62721284430067e-05,0.00057145313942599,3.57669280233506e-05,9.89993672490435,1.07303084982717,0.240649199200455,8.45124476893818,0.528958618832608,6.7204891020001
"USGS-02455000","LOCUST FORK NEAR CLEVELAND, AL.",-86.5741573,34.02454235,0.0004243697378474,0.00024518426797525,0.00014342147242752,0.00013210934342114,6.65584285740777e-05,0.00015304024935283,0.00013706112284503,1.85591920772509,1.08562701708623,0.503813181191113,1.15843622706504,1.03748243156506,3.21226135001343
"USGS-01599000","GEORGES CREEK AT FRANKLIN, MD",-79.0446944,39.49391667,0.00028925445855241,0.00131688123739619,0.00078994822545843,0.00025214058576809,3.96130843450282e-05,0.00202083262263836,0.00022105664599685,5.22280549711807,3.13296736045888,0.157107132214969,8.01470582961597,0.876719808211163,1.14719515571543
"USGS-04085109","EAST RIVER AT MIDWAY ROAD NEAR DE PERE, WI",-88.0798244,44.38665786,0.00218069040550007,0.00083294445340683,0.00062871286426022,0.00034087794202189,0.00028365173794833,0.00020649655091159,0.00057759094157106,2.44352699522381,1.84439292413895,0.832121128946828,0.605778566036798,1.69442158135877,6.39727637571809
"USGS-07157980","Cimarron River at Freedom, OK",-99.1164899,36.75503165,0.00278702025897211,0.00370034620649424,0.00173387018096889,0.10552439327606,0.00027912802233875,0.00391666916799673,0.107749280710973,0.0350662637482675,0.0164309893394311,0.00264515164383396,0.0371162443715777,1.02108410544557,0.0264111469627789
"USGS-07378500","Amite River near Denham Springs, LA",-90.99038,30.464079,0.00015536131083261,5.33493244993022e-05,2.60077662558355e-05,0.00013570313432427,5.02785181292697e-05,2.29167890046647e-05,9.58336807542611e-05,0.393132588756703,0.191651920092625,0.370503735080453,0.168874426657695,0.706200938036222,1.1448616246502
"USGS-11510700","KLAMATH RIVER BLW JOHN C.BOYLE PWRPLNT, NR KENO,OR",-122.0733453,42.0845877,0.00155041125327094,0.00035888013150908,0.00031290658005853,0.00094026655759725,7.94680628996151e-05,0.00033317924981108,0.00014491159516873,0.381679140462212,0.332784972017013,0.084516525933547,0.354345527998447,0.154117568042662,1.64890609023982
"USGS-04249000","OSWEGO RIVER AT LOCK 7, OSWEGO NY",-76.50527778,43.45166667,0.0021913322018128,0.00189487176664238,0.00048861325255886,0.00249997034074923,6.37514140488706e-05,0.00061743941618067,0.00389933838469196,0.757957698839938,0.195447619755534,0.0255008681542056,0.246978696553506,1.55975385832911,0.876543279771899
"USGS-09171100","DOLORES RIVER NEAR BEDROCK, CO.",-108.8334347,38.3569337,0.00219541829320803,0.00132151781036863,0.00060328476154939,0.00606188355731156,0.00020175245298691,0.0010631795923414,0.00595093528290227,0.218004486208693,0.0995210079252907,0.0332821393019955,0.175387663304592,0.981697392673361,0.362167678156737
"USGS-09448500","GILA RIVER AT HEAD OF SAFFORD VALLEY, NR SOLOMON,",-109.4796056,32.8827222,0.00243035085252917,0.00093261634552996,0.0003482834684916,0.00209965625496461,9.40226162246216e-05,0.00036885086631864,0.00170967214558839,0.444175727967283,0.165876422708761,0.0447800043470479,0.175672025097682,0.814262878290622,1.15749939866711
"USGS-01332000","NORTH BRANCH HOOSIC RIVER AT NORTH ADAMS, MA",-73.09315878,42.7023041,0.0001912999765366,0.00011740029240278,4.44603212552194e-05,0.00013384258020568,1.43060239503052e-05,8.48250361068046e-05,0.00016145900434606,0.877152041019943,0.332183683151474,0.106886940824965,0.633767191102049,1.20633511471422,1.42929085977444
"USGS-08045850","Clear Fk Trinity Rv nr Weatherford, TX",-97.6519711,32.74040699,0.00170308184879823,0.00075509558876052,0.00017850019886018,0.00036234327297558,8.21752838673422e-05,8.19402266863797e-05,0.00035006352392226,2.08392329891939,0.492627329312147,0.226788490352019,0.226139776277566,0.966110177919191,4.7001889529021
"USGS-11370500","SACRAMENTO R A KESWICK CA",-122.4444553,40.6009835,0.00094961408717025,0.00024005934648935,0.00019671845207503,0.00024932391024437,2.95938003211758e-05,6.95567227271792e-05,6.3276784968907e-05,0.962841254390974,0.789007568035588,0.118696198419838,0.278981356657708,0.253793488586342,3.8087565939404
"USGS-02237293","PALATLAKAHA R AT STRUCTURE M-1, NR OKAHUMPKA, FL",-81.8725798,28.7444364,0.00041274936459084,0.00023484785344447,8.60161906032933e-05,0.00029742550410296,3.21246944856522e-05,5.108024845765e-05,0.00030534154173695,0.789602270836763,0.289202470590806,0.108009212533876,0.171741319264829,1.02661519447657,1.38774032117957
"USGS-06340500","KNIFE RIVER AT HAZEN, ND",-101.6221093,47.2852816,0.00375901427335738,0.00096964239448084,0.00083774230437708,0.0048643348692021,0.00020769412427205,0.00247929943886439,0.00010976811255247,0.199337097579364,0.172221347194072,0.0426973326994904,0.509689300907665,0.0225659037677392,0.772770455660256
"USGS-09205000","NEW FORK RIVER NEAR BIG PINEY, WY",-109.930151,42.56716598,0.00120521927845665,0.00042017886169765,0.00014899925975797,0.00025136259601095,3.5071159916111e-05,7.64538816118591e-05,5.63385023793028e-05,1.67160455996939,0.592766235400751,0.13952417930384,0.304157749900576,0.224132401850464,4.79474391808132
"USGS-08078000","Chocolate Bayou nr Alvin, TX",-95.3230476,29.37154349,0.00207855726232137,0.00093716936394242,0.00039248587848379,0.00197875980352066,8.0616160497101e-05,0.00038826489368145,0.00182059650869341,0.473614514644471,0.198349429670781,0.0407407510268132,0.196216283042865,0.920069482639659,1.05043434712144
"USGS-04024315","LITTLE BALSAM CREEK NEAR PATZAU, WI",-92.234917,46.50355229,0.0007773679204148,0.00028654253640279,0.00016646286943444,8.22754764158431e-05,1.72230181756801e-05,9.01793475401342e-05,5.78191216476318e-05,3.48272108391728,2.02323798883996,0.209333557530925,1.0960659417436,0.702750371877495,9.4483551390911
"USGS-02322500","SANTA FE RIVER NEAR FORT WHITE, FLA.",-82.7151204,29.84884769,0.00188506197394037,0.00104547214431181,0.00021919440198943,0.00022683815372678,2.71752657144611e-05,0.00019487441077854,0.00024992782237843,4.60889020270836,0.96630305964071,0.119800242013929,0.859090093870492,1.10178917555232,8.31016274365765
"USGS-08041000","Neches Rv at Evadale, TX",-94.0932373,30.35576378,0.00034604289331339,0.00017738953819954,0.00010856445201219,0.00057805351742722,6.79553030713335e-05,0.00018304664582454,0.00047970312214649,0.306873901553383,0.187810382151797,0.11755884364096,0.316660378850804,0.829859360222464,0.598634698831261
"USGS-12056500","NF SKOKOMISH R BL STAIRCASE RPDS NR HOODSPORT, WA",-123.3298868,47.51425666,0.00049497406338426,0.00023922398927666,2.97140895264362e-05,5.32799421688077e-05,3.36573000984068e-06,3.9795820955638e-05,1.83049743204087e-05,4.48994461215301,0.557697480832329,0.0631706768595391,0.746919372201123,0.343562203247382,9.29006382582085
"USGS-06478000","JAMES R NEAR MITCHELL,SD",-97.9192403,43.65887165,0.00363387983720235,0.0012982937469101,0.00100913936603043,0.00265104554838552,0.00035072272959714,0.00159370685996724,0.00085672202246042,0.489728947773362,0.380657120978171,0.132296002915053,0.601161628828975,0.323163826054276,1.37073459164644
"USGS-09368000","SAN JUAN RIVER AT SHIPROCK, NM",-108.6830556,36.77666667,0.00207851208378659,0.00130044219846417,0.00039708437633358,0.00162980980696849,6.10467962483924e-05,0.00138703612340821,0.00026723479722641,0.797910402124185,0.243638475259988,0.0374563927566136,0.851041708963668,0.163966860478944,1.27530959434629
"USGS-05116500","DES LACS RIVER AT FOXHOLM, ND",-101.5701633,48.37056947,0.00340871495302278,0.00127797946288849,0.00134607318051431,0.00349071542988189,0.00033120522471976,0.00269841110113619,0.00034453885655186,0.3661081771228,0.38561527215636,0.0948817603075069,0.7730252308844,0.0987015021627012,0.976508976882746
"USGS-06752280","CACHE LA POUDRE RIV AB BOXELDER CRK NR TIMNATH, CO",-105.011365,40.5519269,0.00108924163617833,0.00069453993715921,0.00032652442990558,0.00047960782543751,4.42042172308715e-05,0.00063175303705183,0.00013760405701212,1.44814137785518,0.68081547586867,0.0921674228116417,1.31722837607064,0.286909532567779,2.27110897363837
"USGS-09418700","MEADOW VALLEY WASH NR ROX, NV",-114.6580556,36.8382,0.00357220137232407,0.00107158662895175,0.00071201255787118,0.00350297891518954,0.00021654445089951,0.00142303756905436,0.00132716038175592,0.305907244918077,0.203259161733394,0.0618172293188929,0.406236407214389,0.378866220404901,1.01976102591836
"USGS-06364700","ANTELOPE CREEK NEAR TECKLA, WY",-105.2280351,43.4855256,0.00360340975820592,0.0033394987212809,0.00201777805563163,0.00549831381868982,0.00023196182313436,0.00622874518946037,0.0003796572975548,0.607367791545348,0.366981245918124,0.0421878108059018,1.13284643162558,0.0690497687244186,0.655366331757428
"USGS-02375500","ESCAMBIA RIVER NEAR CENTURY, FL",-87.2341395,30.96518304,0.00036165583728726,0.00017596781561376,3.71590673325674e-05,0.00017971637355945,2.26315284068804e-05,4.99597839429902e-05,0.00016495497894525,0.979141811781274,0.206765063174803,0.125929140226019,0.277992388525812,0.91786282840103,2.01236999236255
"USGS-09328000","SAN RAFAEL RIVER NEAR CASTLE DALE, UTAH",-110.8979437,39.14358408,0.00429268988747716,0.00348131079669299,0.00388162744683667,0.0106912939733194,0.00015910910874275,0.0102653141511443,0.00071460128442694,0.325621089961679,0.363064326593531,0.0148821189595779,0.960156383012369,0.06683955059231,0.401512660505807
"USGS-03410600","SOUTH FORK CUMBERLAND RIVER NEAR YAMACRAW, KY",-84.5438283,36.7256326,0.00034372770326612,0.00026108269791997,0.00017305281237854,0.00016571218278812,3.34627805757125e-05,0.00029037908048445,7.60259931445434e-05,1.57551903262173,1.04429746483883,0.201933134985603,1.75230979158442,0.458783366831576,2.07424522134028
"USGS-03191500","PETERS CREEK NEAR LOCKWOOD, WV",-81.0231111,38.2646111,0.00054238223457932,0.00032287792323402,0.0002125966383139,0.00025288960699368,4.3391747985064e-05,0.00035332825953305,0.00010450655152842,1.27675441894331,0.84066973269968,0.171583753483977,1.39716401845599,0.413249689343822,2.14473912560936
"USGS-03227500","Scioto River at Columbus OH",-83.0090724,39.9095084,0.00167779304663911,0.00085361586416754,0.00043291196748976,0.00046869080637604,8.74926158272833e-05,0.000438500217201,0.00045590915627136,1.82127716728173,0.923662170455363,0.186674486968891,0.935585275485825,0.972729036006686,3.57974388192497
"USGS-09494000","WHITE RIVER NEAR FORT APACHE, AZ.",-110.166767,33.73644059,0.00147932729241981,0.00067272646658191,0.00023815218087501,0.0002548471385563,4.98505714340287e-05,0.0002545907896352,6.16674666385373e-05,2.6397254071318,0.934490307500152,0.195609696528003,0.998994107124184,0.241978257978019,5.80476320354282
"USGS-05267000","MISSISSIPPI RIVER NEAR ROYALTON, MN",-94.3552782,45.8260765,0.00251566471345452,0.00086026050702094,0.0004513780549322,0.00019666677857348,4.55962096083983e-05,8.09234552333919e-05,0.0001045899280931,4.37420347890393,2.29514134622162,0.231845001678116,0.411474961965457,0.531812891082818,12.7915082135471
"USGS-09306430","EVACUATION CREEK NEAR MOUTH NEAR WATSON, UT",-109.1592813,39.9521902,0.00693240244739248,0.00312598538944229,0.00531408656603383,0.0262665691552166,0.0002127397963405,0.0186978675863643,0.00102842700243482,0.119010037853439,0.202313691393474,0.00809926089255755,0.711850393398292,0.0391534576273571,0.263924930828498
"USGS-06461500","Niobrara River near Sparks, Nebr.",-100.3622222,42.9022222,0.00224308149577215,0.00076020309707557,0.00018001949298651,0.00042061981609218,0.00016800939834,7.52940116139114e-05,4.57156796583896e-05,1.8073401870086,0.427986238639451,0.399432912840187,0.179007285756145,0.108686462000568,5.33280033406826
"USGS-07119700","ARKANSAS RIVER AT CATLIN DAM, NEAR FOWLER, CO.",-103.9119006,38.12583934,0.00278275437813054,0.00218176473618728,0.00120265738489257,0.00232125356604172,9.86402157252915e-05,0.00284305383719288,0.00057625543781765,0.939907973908985,0.518106855057364,0.0424943733714953,1.22479244783281,0.248251826619832,1.19881533790201
"USGS-05531500","SALT CREEK AT WESTERN SPRINGS, IL",-87.9002778,41.8258333,0.00308395067351007,0.0015715951156788,0.00106131389708303,0.00537633112315137,0.00017079666831262,0.00092497040968915,0.00569941010187718,0.292317396320931,0.197404860819089,0.0317682569023965,0.172044911018609,1.06009283493247,0.573616208315383
"USGS-02414500","TALLAPOOSA RIVER AT WADLEY AL",-85.5607875,33.11678684,0.00021151000810002,6.36909950327018e-05,4.33067306265583e-05,0.00010559229717599,2.33373738230522e-05,2.52349193237305e-05,5.27402848328061e-05,0.603178420548482,0.410131532173959,0.221013979685991,0.238984471392556,0.499470948575941,2.00308179438031
"USGS-07057500","North Fork River near Tecumseh, MO",-92.2481389,36.62302778,0.00313471695640224,0.00084579951127345,0.00078935142039016,7.08766303308878e-05,3.94026847211832e-05,4.43340075115546e-05,0.00010373269506079,11.9334046684335,11.1369772618292,0.555933380822869,0.625509526970754,1.46356696948649,44.2277933046167
"USGS-02126000","ROCKY RIVER NEAR NORWOOD, NC",-80.1657722,35.1569972,0.00052399730394547,0.00014639754642315,0.00010833062836573,0.00043563844276871,6.84104544161131e-05,0.00011927959276426,0.00025060368814374,0.336052864142845,0.248670956762289,0.157034934707158,0.273804102333523,0.575256137982289,1.20282613401882
"USGS-03106300","Muddy Creek near Portersville, PA",-80.1250593,40.96311836,0.00049934917107928,0.00068423261038227,0.00040769240614501,0.00028676783862229,7.27647656554941e-05,0.00080521457562111,0.0003938636352716,2.38601585752956,1.4216810647375,0.25374102620808,2.80789707621876,1.37345818542212,1.74130116361124
"USGS-05409830","NORTH FORK NEDERLO CREEK NEAR GAYS MILLS, WI",-90.9095728,43.36303279,0.00424438361007729,0.00117143036374699,0.00110696911412327,6.50451374956198e-05,4.47359669619756e-05,0.00013647912762884,5.4454947667055e-05,18.0094993853442,17.0184760420841,0.687768043614146,2.09822183307757,0.837187063686691,65.2528962731936
"USGS-14103000","DESCHUTES RIVER AT MOODY, NEAR BIGGS, OR",-120.9056203,45.6220678,0.00119760299907609,0.00021515668155484,0.00021335562485896,0.00045611044227265,4.96477181825563e-05,3.63280179261705e-05,6.95705794315969e-05,0.471720578206421,0.467771848844058,0.108850211661845,0.079647415536376,0.152530117672703,2.62568643048119
"USGS-06192500","Yellowstone River near Livingston, MT",-110.5664972,45.5972111,0.00115682243093747,0.00037568904942106,0.00019522672873331,0.00049902154902828,7.19951665078936e-05,0.00018970726514642,0.00015633934179316,0.752851355122084,0.39121903475605,0.144272660465436,0.380158463128152,0.313291764849823,2.31818131539626
"USGS-08099100","Leon Rv nr De Leon, TX",-98.5331058,32.1737502,0.00173295263439919,0.00121311284378213,0.00041591614100566,0.00203910680468318,0.00015859659414228,0.00054318216558673,0.00248423824881467,0.594923640584198,0.203969767571977,0.077777482659585,0.266382400538913,1.21829726775918,0.849858688333122
"USGS-03535912","CLINCH RIVER AT MELTON HILL DAM (TAILWATER),TN",-84.3007558,35.8853552,0.00200703235280543,0.00080426048018102,0.00035990263495131,0.0001840038387551,3.66272812624191e-05,0.00020560669815458,0.00011131436661072,4.370889681554,1.95595177462744,0.199057158319218,1.11740439517799,0.604956762662312,10.9075569639426
"USGS-08145000","Brady Ck at Brady, TX",-99.3350553,31.13822366,0.00010026775355558,2.5007382273416e-05,2.475133814157e-05,0.00010458323027533,2.29641415792956e-05,1.04121278691599e-05,9.0312518825112e-05,0.239114647803274,0.236666414647997,0.21957766573893,0.0995582928711211,0.863546847686242,0.95873643691833
"USGS-06611200","BUFFALO CREEK NEAR HEBRON, CO.",-106.3691966,40.5230357,0.0025530698122174,0.00080401336039905,0.00048641297552861,0.00119187872306615,0.0001660929275308,0.00045570382368977,0.00014187561543518,0.674576485710481,0.408106098477286,0.139353882502005,0.382340765776458,0.119035278245594,2.14205502859346
"USGS-10171000","JORDAN RIVER @ 1700 SOUTH @ SALT LAKE CITY, UT",-111.9232703,40.73355737,0.00452686934888581,0.00233060967107542,0.0019872748932426,0.00679560172882134,0.00034842204313469,0.00252162470353645,0.0062669519368878,0.34295854349305,0.292435456423855,0.0512716985247932,0.371067170231857,0.922207066713246,0.666146947618569
"USGS-01410820","Great Egg Harbor River near Blue Anchor NJ",-74.9133333,39.66916667,0.00011334133598499,9.06087230007981e-05,7.18110434947778e-05,0.00029742357929249,4.32540752250526e-05,9.06224827342185e-05,0.00026624819125604,0.304645392326784,0.241443679971846,0.14542920681657,0.304691655415451,0.895181854409104,0.38107717032593
"USGS-01407760","Jumping Brook near Neptune City NJ",-74.0658333,40.2033333,0.0001398388926533,0.00022956690212683,8.9177992473855e-05,0.0016455219963739,5.77900172260035e-05,0.00021502312317489,0.00182933315688108,0.139510078037675,0.054194348462293,0.0351195653132263,0.130671679654679,1.11170386109224,0.0849814788021377
"USGS-05053500","WILD RICE RIVER NR ST BENEDICT, ND",-96.8205556,46.7169444,0.00508153170094774,0.00240935033937407,0.00370852879793843,0.0035139013417489,0.00028952361489645,0.00515395277333409,0.00107768966211685,0.685662488797967,1.05538785448446,0.0823937802284318,1.46673235019425,0.306693204306207,1.4461224737797
"USGS-12449950","METHOW RIVER NEAR PATEROS, WA",-119.9850723,48.0773639,0.00101801591200739,0.00039950978420288,0.00011424216649009,0.00010765195178267,1.93055299132301e-05,5.96660764037878e-05,1.22258212654416e-05,3.71112439288982,1.06121779120855,0.179332836920632,0.554249833985736,0.113568040922498,9.45654858225458
"USGS-03083500","Youghiogheny River at Sutersville, PA",-79.8066944,40.2402222,0.0004002965062333,0.00048274827784698,0.00020569384071974,0.00050247334788916,4.16628226432416e-05,0.00056969699862251,0.00034744089395266,0.960744047171765,0.409362688755227,0.0829154875940437,1.13378550527256,0.691461339018722,0.796652216311387
"USGS-05116000","SOURIS RIVER NR FOXHOLM, ND",-101.5054414,48.3722357,0.00351140245355629,0.00106152276869253,0.00100291017114412,0.00250822270835241,0.00026555032177236,0.00153409721674429,0.00036958043941219,0.423217111127191,0.399848931996517,0.105871907182756,0.611627193883432,0.14734753743417,1.39995640812248
"USGS-021970161","SPIRIT CK .35 mi DS OF McCOYS CRK AT FT GORDON,GA",-82.15713889,33.3899722,0.00019763861763506,5.65282573072231e-05,3.01354374420993e-05,0.00022838595233881,3.58658606583031e-05,4.64632421279201e-05,0.00018601249600864,0.247511971416541,0.131949610444487,0.157040572290086,0.203441768865854,0.814465575066065,0.865371164956185
"USGS-07196000","Flint Creek near Kansas, OK",-94.7068913,36.18647245,0.00121598751137662,0.00068998976021036,6.54003114525615e-05,0.00028077059392309,0.00010539824951302,0.00010015160593813,0.0002281789138472,2.45748584482945,0.232931485234082,0.3753892031225,0.356702618100967,0.812688076265214,4.33089339729676
"USGS-03538000","WHITEOAK CREEK AT WHITEOAK DAM NEAR OAK RIDGE, TN",-84.3260351,35.89952168,0.00230232360511148,0.00086933024322761,0.00033066138491069,0.00084318971781167,4.36143367587205e-05,0.00029227099418216,0.00019591983600671,1.03100194993338,0.392155380842233,0.0517254134359139,0.346625424869615,0.232355580088406,2.73049297978477
"USGS-05437500","ROCK RIVER AT ROCKTON, IL",-89.0725,42.45027778,0.00490213558156974,0.00155189476300015,0.00142751548651003,0.0005177987026045,8.97894920343327e-05,0.00029729466212125,0.0006873119886313,2.99710052418863,2.75689274486337,0.173406174219239,0.574151037122877,1.3273729446871,9.46726122895287
"USGS-09365000","SAN JUAN RIVER AT FARMINGTON, NM",-108.2255889,36.72301667,0.0019670749838584,0.0011965304214476,0.00031112234152858,0.0012420392012879,5.74858706820846e-05,0.0010683535686495,0.00020921071599987,0.963359626819263,0.25049317381124,0.046283459187501,0.860160909206168,0.168441314720933,1.58374629546209
"USGS-01632900","SMITH CREEK NEAR NEW MARKET, VA",-78.6427935,38.69345016,0.00284620519568291,0.00125903967625332,0.00040915019176289,0.00040511267609721,7.76549797751429e-05,0.00013896971867542,0.00049701413868432,3.10787529134536,1.00996640170478,0.19168736096648,0.343039669886993,1.22685407791352,7.02571250819102
"USGS-02368000","YELLOW RIVER AT MILLIGAN, FLA.",-86.6291207,30.7529664,0.00026952275272237,0.00011483561361295,3.82963585377459e-05,8.52496522823241e-05,1.42337791057396e-05,2.44215789521281e-05,9.38586669837668e-05,1.34705081532361,0.449225979373131,0.166965831820652,0.286471302794882,1.10098592159569,3.16157011209603
"USGS-01208990","SAUGATUCK RIVER NEAR REDDING, CT",-73.39512029,41.29454,0.00080858820972862,0.00037960689595634,0.00018585178287604,0.0004387769202069,3.89603027800024e-05,0.00011701997970301,0.00051346084463341,0.865147819938533,0.423567818444973,0.0887929628605591,0.266695840902096,1.17020932730758,1.84282302120023
"USGS-07343000","N Sulphur Rv nr Cooper, TX",-95.5877347,33.47483009,0.0020276101788978,0.00110085747898785,0.00012829466717213,0.00066697114059326,5.86350075903572e-05,0.000439372828445,0.00022487394659521,1.65053240235948,0.192354150522946,0.0879123608529776,0.658758380541299,0.337156936648251,3.04002685497645
"USGS-05454500","Iowa River at Iowa City, IA",-91.5410017,41.6566832,0.00434762577824947,0.00194536801288584,0.00108257915952776,0.00054194913425613,8.40335332605719e-05,0.00049759151314522,0.00060626946676375,3.58957675161897,1.99756599115834,0.155057971217012,0.918151689324518,1.1186833384205,8.02220264493442
"USGS-02300000","MANATEE RIVER NEAR BRADENTON FL",-82.3012029,27.47531814,0.00021564751041292,0.00011156217453247,8.52713086088179e-05,0.00018030284972214,1.6853549687044e-05,5.33136501061365e-05,0.0002326766619322,0.618748814588315,0.472933781913181,0.0934735624701224,0.295689447994279,1.29047689645933,1.19602940688538
"USGS-01195100","INDIAN RIVER NEAR CLINTON, CT",-72.5310333,41.3061722,0.00021958908835353,0.00012350009831445,6.241474305533e-05,0.00041933607125521,3.4351982504751e-05,8.45742901984906e-05,0.00045803157734789,0.294513414848332,0.148841817658333,0.0819199321487514,0.201686179644245,1.09227802887754,0.523658953774793
"USGS-02310800","WITHLACOOCHEE RIVER NR EVA, FLA.",-81.8186886,28.36084067,5.88294132979534e-05,5.70944522893742e-05,3.24294273105506e-05,0.00018884168039892,1.09519153438674e-05,3.66724980552585e-05,0.00024585647625592,0.302340310511763,0.171728122954868,0.0579952228805192,0.194197054261476,1.30191849456412,0.311527694382284
"USGS-05114000","SOURIS RIVER NR SHERWOOD, ND",-101.9582209,48.9900156,0.00344281181976298,0.00105994460185302,0.00109271044518612,0.00267532394426709,0.00029307058585673,0.00172874272385079,0.00039912160088617,0.396192993422109,0.408440423645768,0.109545831443983,0.646180709276457,0.149186270224003,1.28687661437806
"USGS-13331500","MINAM RIVER AT MINAM, OR",-117.7265892,45.6198669,0.00035115515755288,0.0001096056949693,4.09552827928594e-05,7.34451079904943e-05,2.30432328539638e-05,2.37550102826424e-05,1.83088140825749e-05,1.49234847586429,0.557631187609664,0.31374768836811,0.323438972759314,0.249285685371237,4.78119192905714
"USGS-07287000","YAZOO RIVER AT GREENWOOD, MS",-90.1816667,33.52444444,0.00057738753915736,0.00016371821572595,0.00010180034666704,0.00022835754723726,7.0925457282814e-05,7.40352249639313e-05,9.86099089417021e-05,0.716938054847183,0.445793659542487,0.310589503788643,0.324207480153953,0.431822421175532,2.52843641974072
"USGS-07215500","MORA RIVER AT LA CUEVA, NM",-105.2557333,35.94511667,0.00310679322133415,0.001514076843233,0.00049197404221328,0.00034965261545548,4.29987878898535e-05,0.0005638099826477,0.00010598294996391,4.33023171086719,1.40703664284735,0.122975736457282,1.61248610113567,0.303109272687274,8.88537103401036
"USGS-08104500","Little Rv nr Little River, TX",-97.346113,30.9665723,0.00319748843442569,0.00135303519896664,0.00046527619224545,0.00088101917094469,7.76439785011e-05,0.00023749974766834,0.00089118416793437,1.53576135864991,0.528111314248189,0.0881297264142895,0.269573870241302,1.01153777048777,3.62930630782655
"USGS-03466208","BIG LIMESTONE CREEK NEAR LIMESTONE, TN",-82.6504274,36.2059377,0.00362131309907321,0.00147965004152454,0.00043620145805547,0.00011644314832071,0.0001265139226451,9.8748971453017e-05,0.00017469005457316,12.7070597357019,3.74604658450198,1.08648662003411,0.848044499630284,1.50021754901387,31.0994090360656
"USGS-01463620","Assunpink Creek near Clarksville NJ",-74.6719444,40.2697222,0.00021738771731697,0.00018328618759469,0.00015318184137942,0.00030010687125104,6.11040681545904e-05,0.00018350673933681,0.00040112737230899,0.610736391441595,0.510424305651061,0.203607694485196,0.611471302112588,1.33661508860772,0.724367677456913
"USGS-06331000","LITTLE MUDDY RIVER BL COW CREEK NR WILLISTON, ND",-103.5729718,48.2844683,0.0032314830130843,0.00079864012189613,0.0009810902228974,0.00293451214205463,0.00022882712119116,0.00173204908521719,0.00012367579862019,0.272154308190034,0.334328220639253,0.0779779091426588,0.590234083681275,0.0421452672993888,1.10119940100903
"USGS-01208500","NAUGATUCK RIVER AT BEACON FALLS, CT",-73.0622833,41.4423,0.00039900598325821,0.00027142618291465,0.00012226424537087,0.00118496161422991,6.41202982170047e-05,0.00021584745808241,0.00117239672209419,0.229059051074033,0.103179920684884,0.0541117091448365,0.182155654234155,0.989396372013381,0.336724817468053
"USGS-06351000","CANNONBALL RIVER BELOW BENTLEY, ND",-102.0420978,46.3583383,0.00296914344511355,0.00137323652570827,0.00152741090305765,0.00495279097283753,0.00021843236853657,0.00389872874988039,0.00014649955079784,0.277265189110439,0.308393976534522,0.0441028845623642,0.787178132746182,0.0295791911270401,0.599488947019399
"USGS-08251500","RIO GRANDE NEAR LOBATOS, CO",-105.7569444,37.0786111,0.00134074892760967,0.00055143268090047,0.00017656908048694,0.0006973687192378,8.34697568215308e-05,0.00035840427319609,0.00013320746227676,0.790733317524147,0.253193290172126,0.11969243030109,0.513937983320819,0.191014392533061,1.92258254582319
"USGS-07228000","Canadian Rv nr Canadian, TX",-100.3706884,35.935042,0.00458419933956594,0.00290731638481309,0.00207892164489028,0.0168755190957156,0.00034798549654485,0.00232834667197499,0.017961502596063,0.172280115848478,0.123191567210402,0.0206207284392932,0.13797185489637,1.06435259823344,0.271647900936558
"USGS-09222250","LITTLE MUDDY CREEK AB NORTH FORK, NR GLENCOE, WY",-110.5688889,41.58277778,0.00639444322883414,0.00174636859254397,0.00283427301582874,0.00263610248517095,0.00013189759532799,0.00206774299635427,0.00145216528415674,0.662481296674899,1.07517557901204,0.0500350787080415,0.784394008953026,0.550875882984713,2.42571875137831
"USGS-07308500","Red Rv nr Burkburnett, TX",-98.5317234,34.11009327,0.00211136179418283,0.00467164787993911,0.00202794271770925,0.0227776796015352,0.00020283047967507,0.00560407957762834,0.0233888596514929,0.205097620199392,0.0890320152528866,0.00890479114744434,0.246033822393859,1.02683241052862,0.0926943319564702
"USGS-08174600","Peach Ck bl Dilworth, TX",-97.3166565,29.47412787,0.00082721112287847,0.00054737971883008,0.00018942592224009,0.00077242532318916,0.00015804558649665,0.00042637358145766,0.00067667115520064,0.70865066485661,0.245235256475022,0.204609535384105,0.551993271915619,0.876034400849036,1.07092698548917
"USGS-06724500","LEFT HAND CREEK NEAR BOULDER, CO.",-105.3038797,40.12554106,0.00024497886736633,0.00021978333083149,0.00010162323724734,0.00015155231838036,2.02035085343582e-05,0.00024464833100685,2.73240766172254e-05,1.45021424403342,0.670548879313702,0.133310455097436,1.61428299891022,0.180294679152631,1.6164640038794
"USGS-01095220","STILLWATER RIVER NEAR STERLING, MA",-71.7911829,42.41092507,0.000112689558429,0.00010025288089749,3.14418096292884e-05,0.00042034058141934,2.60835304978677e-05,5.89413619512919e-05,0.00046410298520327,0.2385039306911,0.0748007949247261,0.0620533244965136,0.140222868209078,1.10411177440008,0.268091075214517
"USGS-01169000","NORTH RIVER AT SHATTUCKVILLE, MA",-72.7250922,42.63841775,0.0004051196491381,0.00018593067417906,3.45606282321494e-05,0.00024354300375816,2.94502421464801e-05,0.00010185190495605,0.00014070138390325,0.763440835129411,0.141907702947062,0.120924196926319,0.418209118654011,0.577727061471925,1.66344195023717
"USGS-01104475","STONY BROOK RES., UNNAMED TRIB 1, NEAR WESTON, MA",-71.2681121,42.3545408,0.00063788765248329,0.00047513721405598,0.00013816838803761,0.00340314290358673,5.9378779160185e-05,0.00017658462272888,0.00371809863810053,0.139617179623935,0.0406002310076358,0.0174482179686322,0.0518886887008984,1.09254848927497,0.187440748318559
"USGS-06803500","Salt Creek at 27th Street at Lincoln, Nebr.",-96.6816667,40.84666667,0.00385673346944252,0.00150201918843902,0.00069018757777303,0.022685771885677,0.00032432747892321,0.00145699414748968,0.0206368792870264,0.0662097457387966,0.0304238084227934,0.0142965150384847,0.0642250197538827,0.909683804942768,0.170006711205516
"USGS-07312700","Wichita Rv nr Charlie, TX",-98.2967139,34.0531504,0.00214617220815135,0.00301900483558084,0.00165707102619744,0.0144272413588171,0.00017357128341994,0.00287843566783611,0.0162681588101013,0.209257248873555,0.114857094643719,0.0120308019463382,0.199513933138505,1.12760010077458,0.148758321481864
"USGS-06430800","ANNIE CREEK NEAR LEAD, SD",-103.894532,44.32749778,0.00186300972177868,0.00070954558938045,0.00039690721540411,0.00016463670846328,2.26288579068447e-05,0.00013257116024002,7.29282437098539e-05,4.30976539802907,2.41080630868318,0.137447220113073,0.805234515907409,0.442964660740398,11.315882947175
"USGS-08358400","RIO GRANDE FLOODWAY AT SAN MARCIAL, NM",-106.997,33.6790833,0.00252149684942268,0.0012304724571461,0.00035711360964945,0.00190686682883416,0.00010922759571382,0.00104490240298767,0.00063533961521449,0.645284945199031,0.187277687277085,0.0572811871611449,0.547968210043546,0.333185100085323,1.32232456472291
"USGS-09085000","ROARING FORK RIVER AT GLENWOOD SPRINGS, CO.",-107.3294984,39.54359307,0.00192043097526549,0.00131036622493533,0.00035888651079151,0.00068207841651442,3.08060664569955e-05,0.00078069698661501,0.00053758528660214,1.921137208287,0.526166056720443,0.0451649923397687,1.14458538448491,0.788157598285156,2.81555746196946
"USGS-10079500","BEAR RIVER AT ALEXANDER ID",-111.6982833,42.64492008,0.00545905835604129,0.00124187801214342,0.00175040304345344,0.00129764433304698,9.04089026708636e-05,0.0005974516387504,0.00091914137642064,0.957024957083105,1.3489081706567,0.069671558198521,0.460412474770754,0.708315331877125,4.20689877574
"USGS-0209691611","COLLINS CREEK AT HWY 54 NEAR WHITE CROSS, NC",-79.2058333,35.93163889,0.00029545304727747,0.00011709645874323,8.86162276351606e-05,0.00017219753278814,8.84741927550019e-05,4.86562888198031e-05,0.00011990142264215,0.680012406956482,0.514619612722244,0.513794775816286,0.282560894061504,0.696301629301933,1.71577979366853
"USGS-04161540","PAINT CREEK AT ROCHESTER, MI",-83.1429886,42.68836558,0.00415876155344916,0.00182102635915068,0.00090833005103535,0.0019096839397563,6.15294299265888e-05,0.00034312674928222,0.0024925173719681,0.953574736237798,0.475644179712414,0.0322196928222796,0.179677245086961,1.30519889709402,2.17772243190141
"USGS-05427948","PHEASANT BRANCH AT MIDDLETON, WI",-89.5116667,43.1033333,0.00172654240725747,0.00070789438191935,0.00040647096781158,0.00017355567149855,0.00018545855843814,0.00037182200413262,0.00024923070562088,4.07877412364043,2.34202065712943,1.06858252937987,2.14237887429523,1.43602743413058,9.94806100169326
"USGS-12413300","SF COEUR D ALENE RIVER AT SMELTERVILLE ID",-116.1752778,47.5483333,0.00034559980181319,0.00037529250739547,0.00019432515874736,0.00011306704692256,2.65426396305686e-05,0.00049179145354195,3.02844547972893e-05,3.31920323038489,1.71867192109866,0.234751329879038,4.34955601059205,0.267845102720591,3.0565917410921
"USGS-09153300","REED WASH NEAR LOMA, CO.",-108.7873237,39.1835917,0.00361739852127829,0.00498313736172135,0.00311326425466328,0.0065976881237409,0.00015573048302964,0.00744074216917421,0.00411109435902601,0.755285376977762,0.471871994594685,0.0236037957704113,1.12778022083216,0.623111350812838,0.548282739867858
"USGS-07061270","East Fork Black River near Lesterville, MO",-90.8424444,37.55255556,0.00095490209386355,0.00027378911180602,0.0002531978925809,6.52811837627488e-05,2.50411440648557e-05,6.64289428222985e-05,4.12810880470631e-05,4.19399735153473,3.87857385523374,0.383589001018465,1.0175817746155,0.632358141621494,14.627524178084
"USGS-02091000","NAHUNTA SWAMP NEAR SHINE, NC",-77.8061111,35.48888889,0.00025526070347153,0.00013995118744673,8.62387923573532e-05,0.00021778780476197,9.23516382635625e-05,6.07305546147925e-05,0.00030233055359538,0.642603416659112,0.395976223056226,0.424044121132016,0.278851952620425,1.38818862665798,1.17206151074675
"USGS-01451800","Jordan Creek near Schnecksville, PA",-75.626854,40.66176219,0.00052146748509811,0.00044486119638132,0.00019881440556679,0.00027448387061227,3.9759605515466e-05,0.00021808443870917,0.00035225045425532,1.62071889830536,0.724320904989094,0.144852247335249,0.794525515188566,1.28331932025578,1.89981103055309
"USGS-02198000","BRIER CREEK AT MILLHAVEN, GA",-81.6506667,32.93333333,0.00034762894492961,0.00014340263087963,2.96664492863041e-05,0.00010991553904586,1.70966893328212e-05,2.07930022350043e-05,0.00010788493838312,1.3046620352724,0.26990223169379,0.155543879247935,0.189172544805775,0.981525808995114,3.16269153522113
"USGS-07083000","HALFMOON CREEK NEAR MALTA, CO",-106.3891926,39.17221259,0.00050768828362153,0.00017847036655766,0.00010607539964612,4.50743837106152e-05,1.38218864069642e-05,4.31637707822589e-05,1.61790648228872e-05,3.95946326639695,2.35334109784282,0.306646153959707,0.957612001073099,0.358941453903384,11.2633438735619
"USGS-07351748","West Branch Dolet Bayou at Rambin, LA",-93.4515644,31.95988518,0.00025510234409726,0.00013035618451865,0.00012234853558368,0.00042988879256049,5.70731110713542e-05,0.00019052993632024,0.00037696033267799,0.303232340025033,0.284605083223851,0.132762500579315,0.443207498351862,0.876878716546081,0.593414735419892
"USGS-08101000","Cowhouse Ck at Pidcoke, TX",-97.8850244,31.2848902,0.00416412481208147,0.00164629083437173,0.00070711315734381,0.00074215842697737,6.3873495833652e-05,0.00034371236924551,0.00062907399945451,2.21824717544024,0.952779260654241,0.086064502553441,0.463125333825782,0.847627644701925,5.61083006096274
"USGS-07188838","Little Sugar Creek near Pineville, MO",-94.3732693,36.583962,0.00305047436634684,0.00129048146032909,0.00014206624578071,0.00033265280168186,7.38725193099757e-05,0.00012446396720252,0.00027032525587158,3.87936447191942,0.427070642611263,0.222070936834086,0.37415577615233,0.812634838801409,9.17014482043702
"USGS-02455185","BLACKBURN FORK LITTLE WARRIOR R NR HOLLY SPRINGS",-86.4458178,33.8606544,0.00015160795614574,0.00013289849846761,0.00015872909972929,9.23028802970633e-05,5.09105533442372e-05,0.00019975396022606,8.30347071469528e-05,1.43980879079718,1.7196548928749,0.551559747435714,2.16411405129702,0.899589556465819,1.6425051488948
"USGS-06267400","EAST FORK NOWATER CREEK NEAR COLTER, WYO.",-107.9300927,43.9152343,0.00176515797241998,0.0002129652625542,0.00010637210932453,0.00352901804886725,0.00010653933328958,0.00113516706725452,0.00014876236285122,0.0603468895894605,0.0301421267478854,0.0301895121572928,0.321666551866712,0.0421540385430952,0.500183889109483
"USGS-09522500","GILA GRAVITY MAIN CANAL AT IMPERIAL DAM, AZ-CA",-114.455781,32.87615405,0.00285409049837863,0.00226876977604048,0.00134651564791052,0.00581793751127511,0.00013970332680757,0.00344972121668255,0.00342534754979786,0.389961179824229,0.231442095295968,0.024012517586659,0.592945732056597,0.588756332146842,0.490567403456539
"USGS-08068740","Cypress Ck at House-Hahl Rd nr Cypress, TX",-95.7177249,29.959112,0.00045703992837097,0.00018942044543204,7.03566058365489e-05,0.00056972910716247,9.71271039965793e-05,0.00011279546185186,0.00053250033290981,0.332474579674276,0.12349133114676,0.170479448523035,0.197980865702375,0.934655305855662,0.802205684465126
"USGS-07316000","Red River near Gainesville, TX",-97.1600129,33.7278833,0.00227315021759525,0.00283321142448079,0.00131618877468371,0.0127699984725754,0.00016771204335166,0.00297947290435746,0.0132378403429172,0.221864664319681,0.103068827886732,0.0131332860933255,0.233318187997916,1.03663601615509,0.178007086099268
"USGS-09260000","LITTLE SNAKE RIVER NEAR LILY, CO",-108.4243222,40.54901667,0.00187160512554304,0.00069333322559065,0.00030155553425013,0.00121307706264993,3.50028754016451e-05,0.00055157378037658,0.00025865384216388,0.571549200737576,0.248587285618438,0.0288546181272131,0.454689811026256,0.213221278456014,1.5428575670655
"USGS-12100500","WHITE RIVER NEAR SUMNER, WA",-122.2437309,47.2501008,0.00036201098307968,0.00013371344407011,5.34519490662105e-05,0.00012602053031685,1.54882212435378e-05,6.68298060960299e-05,2.78125734227022e-05,1.06104492445732,0.424152706958273,0.122902365230457,0.530308878466069,0.220698749265481,2.87263497597955
"USGS-07242000","North Canadian River near Wetumka, OK",-96.2061167,35.2656454,0.00310467554406808,0.00150036075839433,0.0007543813996642,0.0037799359434737,0.00014329817006323,0.0007783815718087,0.00379571518462082,0.396927561956386,0.199575180888101,0.037910211232719,0.205924540375514,1.00417447316121,0.821356655376264
"USGS-01660000","S BRANCH CHOPAWAMSIC CREEK NR GARRISONVILLE, VA",-77.4247059,38.53956644,0.00020315374719633,5.39285305486189e-05,5.01520149606291e-05,0.00015594438866246,2.99832290561186e-05,3.60171335929637e-05,0.00011995922976516,0.34581898721181,0.321601920984671,0.192268726776799,0.230961395288939,0.769243643801823,1.30273201196134
"USGS-02329534","QUINCY CREEK AT STATE HWY 267 AT QUINCY, FLA.",-84.5804676,30.60019458,0.00026352318271472,0.00010185216536526,5.72229483406942e-05,0.00012618058652027,1.57161608301109e-05,3.95067088228522e-05,0.00013621642446856,0.807193627594229,0.453500414911298,0.12455292262876,0.313096569863425,1.07953551513,2.08846059431166
"USGS-07380120","Amite River at Port Vincent, LA",-90.8520419,30.3326939,0.00045141747158492,0.00013477632473555,7.20858665958929e-05,0.00033558317457711,5.14820975651621e-05,4.1264714665695e-05,0.00025912113727893,0.401618242348991,0.214807749782843,0.153410842572895,0.12296419424989,0.772151755240621,1.34517313674554
"USGS-06287000","Bighorn River near St. Xavier, MT",-107.9188889,45.31690278,0.00321126201223087,0.00181219265820394,0.00101222208040938,0.00333014812078526,9.64755851358875e-05,0.0027680944804165,0.00030121719007966,0.54417779404257,0.303957074489134,0.0289703585656539,0.831222630350679,0.0904515892850534,0.964300053858759
"USGS-10125500","MALAD RIVER AT WOODRUFF ID",-112.2299625,42.0299229,0.0072659905263959,0.00275049146900098,0.00239215563695469,0.0229542444040027,0.00120612507770512,0.00162789125048121,0.0250396486482305,0.1198249622419,0.10421408759321,0.0525447519193791,0.0709189647818397,1.0908504853187,0.316542352626029
"USGS-02238000","HAYNES CREEK AT LISBON, FL",-81.7836894,28.87082178,0.00194239393462629,0.00074932420473591,0.00039635908117682,0.00055113616498937,0.00010180579706347,0.00013638396855804,0.0006430578034912,1.35959904708913,0.719167251861372,0.184719863312612,0.24745966100895,1.16678571347899,3.52434490424653
"USGS-06324925","LITTLE POWDER RIVER NEAR WESTON, WY",-105.3102778,44.6475,0.00175374240551985,0.00091195435118387,0.00099904280817329,0.00376184385092615,0.00018269280113042,0.00291765347597096,0.0001367311961786,0.242422170436275,0.265572641439472,0.0485646954977793,0.775591330100702,0.0363468558496764,0.466192238438629
"USGS-13093500","CEDAR DRAW NR FILER (OLD STATION)",-114.6541667,42.62305556,0.00465853140237219,0.00149602054446031,0.00103664888451298,0.00198722682778686,0.00013453891325477,0.00088327582620496,0.00094557641061642,0.752818210554453,0.521656043496294,0.0677018402597811,0.44447660118833,0.475827116157394,2.344237375036
"USGS-09163490","SALT CREEK NEAR MACK, CO.",-108.8928833,39.22164717,0.00352342694168971,0.0044541125407315,0.00308211293439368,0.0072179532185485,0.00014060721365016,0.00781265900004171,0.00390619001215757,0.617088031172804,0.427006499082503,0.0194802057304599,1.08239257909915,0.541176964422483,0.488147655575725
"USGS-06306100","Squirrel Creek nr Decker MT",-106.9272,45.05145278,0.00625095148867838,0.00196512109478128,0.00300272493942624,0.00124564606900601,0.00015617145349475,0.0025132255345312,8.2892600562435e-05,1.57759185668959,2.41057633796599,0.125373858097085,2.01760804859817,0.0665458693484105,5.01824044904382
"USGS-02300500","LITTLE MANATEE RIVER AT US 301 NEAR WIMAUMA, FL",-82.3525925,27.67114344,0.00023852008610225,0.00019692619080739,0.00014535310941311,0.00027445867684014,5.40825587647039e-05,0.00019663012929243,0.00029916818148976,0.717507615625827,0.529599250009419,0.197051736120566,0.716428904912941,1.09002996346882,0.869056459968222
"USGS-10302025","WALKER RV NR MOUTH AT WALKER LAKE, NV",-118.727085,38.79103038,0.00219262431378726,0.00069163068667012,0.00028218349591731,0.00160715232051876,0.00011262315753175,0.00046486952698122,0.00039407341832104,0.430345448804057,0.175579808033523,0.0700762187216951,0.289250446921653,0.24519979425089,1.36429153963423
"USGS-09318000","HUNTINGTON CREEK NR HUNTINGTON, UTAH",-111.0637799,39.37135608,0.00322481662543956,0.00117649736015535,0.00062145336226676,0.00017221211715766,2.61962957295348e-05,0.00023385295426598,9.99941940178601e-05,6.83167584008165,3.60865061369521,0.152116448957834,1.35793553976159,0.580645518261129,18.7258404267053
"USGS-02074218","DAN RIVER NEAR MAYFIELD, NC",-79.6055852,36.5415273,0.00028830324109544,9.68783756612333e-05,6.14853960022579e-05,0.00026766357544429,4.86843800053588e-05,7.99849347327441e-05,0.00017919128982353,0.361940826279506,0.229711479793989,0.18188645924104,0.298826370379229,0.66946460505917,1.07711047577875
"USGS-09429300","COLORADO RIVER BELOW CIBOLA VALLEY, AZ.",-114.672457,33.22114635,0.00287618459927598,0.0022492095785569,0.00134045069396478,0.00605593364309816,0.00013676998017667,0.00352068643880042,0.00361045168153676,0.371405915439692,0.22134501019384,0.022584458192099,0.581361462375481,0.596184154965359,0.474936610732834
"USGS-06154410","Little Peoples Creek near Hays MT",-108.6606944,47.96575556,0.00385484709804705,0.00143366759622967,0.00075888608682379,0.00016061885220459,4.9130014487602e-05,0.00032303700282393,2.50641706011825e-05,8.92589865107183,4.7247634783067,0.305879501772443,2.01120228659373,0.156047501629862,23.9999666610546
"USGS-03382170","BRUSHY CREEK NEAR HARCO, IL",-88.6522789,37.7750485,0.0018075828006556,0.00144197535680364,0.00116498770430424,0.00340803654079364,0.00010257684154126,0.00324359539844718,0.00027646388414636,0.423110298127215,0.341835449931223,0.0300985157622105,0.951749008445736,0.0811211619468088,0.53038832741936
"USGS-06875900","SOLOMON R NR GLEN ELDER, KS",-98.2836658,39.4738987,0.00304015341769511,0.00197009066943856,0.00049124627097307,0.00170351093707355,0.00033825180984921,0.0012855921288731,0.00120372024414523,1.15648841845593,0.288372830653488,0.198561572155384,0.75467207218617,0.706611397642739,1.78463979979945
"USGS-06887000","BIG BLUE R NR MANHATTAN, KS",-96.5713918,39.2372186,0.00266531099434423,0.00111856155643514,0.00040439190804584,0.00066139677281863,0.00019648725796909,0.00039213170449844,0.00036836726193757,1.69121108902337,0.611421048098665,0.297079251130502,0.592884212040107,0.556953521813738,4.02982158952129
"USGS-03453500","FRENCH BROAD RIVER AT MARSHALL, NC",-82.6608333,35.78638889,0.00029730835661848,0.00010482240259639,5.1821618157859e-05,0.00034772820587514,4.05329666125899e-05,0.00013705118266098,0.00010528770004152,0.30144923772456,0.149029090198297,0.116565081370315,0.394133062390107,0.30278734443339,0.855002129810656
"USGS-04273500","SARANAC RIVER AT PLATTSBURGH NY",-73.4711111,44.68166667,0.00042389163868247,0.00020445080744941,8.86085722046278e-05,8.98980142489292e-05,1.65844621996853e-05,9.94548752163892e-05,5.90018856531283e-05,2.27425276473059,0.985656612606248,0.184480851309603,1.10630780943611,0.656320232944757,4.71525030028706
"USGS-06349215","LONG LAKE CREEK AB LONG LAKE NR MOFFIT, ND",-100.241778,46.63304455,0.00291190692581854,0.00048939554692933,0.00049989429317061,0.0024590284711883,0.00028466954349883,0.00091221685131628,0.00011982086968003,0.199019878241931,0.203289347410054,0.115765045762673,0.370966364157411,0.0487269143419588,1.18416966697884
"USGS-09444000","SAN FRANCISCO RIVER NEAR GLENWOOD, NM",-108.88,33.24716667,0.00241648408971503,0.00078483208231702,0.00032320079272401,0.0008412664084556,5.35460713797707e-05,0.00019999826253164,0.00027895497312105,0.932917414066032,0.384183642037179,0.0636493634377609,0.237734753844269,0.331589339972764,2.87243620502
"USGS-08330000","RIO GRANDE AT ALBUQUERQUE, NM",-106.6806944,35.08916667,0.00198975674168856,0.00089312219910656,0.00025469531529795,0.00094000246122737,7.69343150616354e-05,0.00055417652542687,0.00025920410382953,0.950127511305021,0.270951753642643,0.0818448017265625,0.589547951505652,0.275748324627879,2.11675694879618
"USGS-03065400","BLACKWATER RIVER NEAR DAVIS, WV",-79.4197715,39.14010775,0.00034779220365091,0.00021510331413608,3.39335725409209e-05,6.83345218755158e-05,8.64341069607152e-06,6.40760501279223e-05,5.44767984632911e-05,3.14779862699466,0.496580229283484,0.126486736993889,0.93768198517067,0.797207574855514,5.08955348051577
"USGS-07312200","Beaver Ck nr Electra, TX",-98.9050666,33.90592785,0.00179386698965447,0.00113622449467696,0.00073780742696564,0.005613018156957,0.00012252408060849,0.00025781880079269,0.00719261855607105,0.202426655839102,0.13144575811699,0.0218285559002934,0.0459322941033326,1.28141729724431,0.319590448399153
"USGS-07157950","Cimarron River near Buffalo, OK",-99.315387,36.85197484,0.00356548276499005,0.00344092127667483,0.00217849032131348,0.0695099537522377,0.0002242619765793,0.00350452426561735,0.0720947440566772,0.049502568926167,0.0313406958818952,0.00322632895683779,0.0504175887975545,1.03718590165738,0.0512945639080542
"USGS-07385500","BAYOU TECHE @ ARNAUDVILLE, LA",-91.9306728,30.3974195,0.00088107098069061,0.0002957525406514,0.00016029790998522,0.00031163588413056,6.95619134064987e-05,6.20445534248565e-05,0.00025996553734532,0.949032366656141,0.514375648466943,0.223215351468818,0.199093097375342,0.834196415058577,2.82724495334912
"USGS-09367930","HUNTER WASH AT BISTI TRADING POST, NM",-108.2547583,36.27648889,0.00304773193845105,0.00061846428937224,8.3050342692818e-05,0.0081728422434677,0.00011148691422595,0.00320221568008535,0.00028311546048041,0.0756730976749939,0.0101617454759019,0.0136411435464887,0.391811757120943,0.0346410039551048,0.372909674218539
"USGS-02326000","ECONFINA RIVER NEAR PERRY, FLA.",-83.8237679,30.17076448,0.00127541660823763,0.00056142969647946,0.00021088056947301,0.00013599480233466,6.80656523744584e-06,7.35134852883277e-05,0.00018521232411329,4.12831730949434,1.55065168559944,0.0500501866291602,0.540560992231304,1.36190737391208,9.37842172158158
"USGS-08178050","San Antonio Rv at Mitchell St, San Antonio, TX",-98.4947392,29.39301189,0.00276167450741353,0.00073274426854284,0.00018477427817433,0.00029386963978829,8.39914782206536e-05,0.0001330514430157,0.00026377498371652,2.49343303742003,0.628762734073009,0.2858120297189,0.452756681879625,0.897591816243954,9.39761762869786
