Sample ID,Landis Sample ID,Al_mg_L,Ba_mg_L,Ca_mg_L,Fe_mg_L,K_mg_L,Mg_mg_L,Mn_mg_L,Na_mg_L,P_mg_L,S_mg_L,Si_mg_L,Sr_mg_L,Zn_mg_L
RI24-1001,DartmouthID_duffy-030625-001,0.0376721818257804,0.00318295377172477,3.04506148087476,0.0248467226316908,0.162434353677663,0.436962519992046,0.00593800126491755,0.495754356249601,0.00238996662590532,0.827794121954563,2.58269656766204,0.0188980915593969,0.00925776849896954
RI24-1002,DartmouthID_duffy-030625-002,0.0267394576538612,0.003092258431195,3.06305314640447,0.0202878604927398,0.172870059959894,0.438012420889594,0.00529836090474694,0.479872736802823,0.00287213713882111,0.847051545649488,2.70051533853943,0.0190617251149114,0.00468071919217677
RI24-1003,DartmouthID_duffy-030625-003,0.0313937013949575,0.00278526231200158,3.07704980242206,0.0214332889627238,0.133110928007831,0.441800364119185,0.0038575689957689,0.523873464482561,0.00421143877656858,0.854398537439295,2.49664107036762,0.0189883764067322,0.0119491318965742
RI24-1004,DartmouthID_duffy-030625-004,0.0349509272750132,0.00274188913500713,3.12781348058406,0.0207475071637636,0.151966656781159,0.450639630204052,0.00354097247866857,0.547714577402798,0.00142511814455749,0.865909656478115,2.97137364006889,0.0192642917032889,0.00521395352576
RI24-1005,DartmouthID_duffy-030625-005,0.0356398854505087,0.00274730078380142,3.18968662238499,0.0220543388728659,0.125264377708605,0.46469946236877,0.00412473881464446,0.603753020968482,0.00187364481979746,0.909064363978073,2.85457458834478,0.0196343374893924,0.0078871103333069
RI24-1006,DartmouthID_duffy-030625-006,0.0291127055894794,0.00237674985021732,3.2724748300542,0.0203612650063369,0.116090695890841,0.474716497846069,0.00401903049082329,0.566226745035966,0.000891821095864972,0.914127573497426,2.85307139351874,0.0201534646215499,0.00697598168182466
RI24-1007,DartmouthID_duffy-030625-007,0.0308671323930814,0.00235694381735027,3.18896014767453,0.022348168508525,0.099258433812969,0.460179567443441,0.00398555536556254,0.531430809976123,0.00168722368410513,0.898858479511837,2.73159933141243,0.0195461626067998,0.00970774790120348
RI24-1015,DartmouthID_duffy-030625-008,0.0135821460194991,0.00963515903811731,24.320293712484,0.0466915154523734,2.58238931374896,6.57690180998787,0.0180112772768443,14.2717958313185,0.0310466919345356,4.52699262278636,5.63157086672616,0.118376192247854,0.000971110202892264
RI24-1016,DartmouthID_duffy-030625-009,0.0053531396957754,0.0103920213761295,22.6391035622452,0.0153679812104681,2.53132061145437,15.9893967707825,0.0320634939043044,169.162157539171,0.0134735595976096,6.71913570339917,6.48482317331244,0.136733596135898,0.00256345693856711
RI24-1017,DartmouthID_duffy-030625-010,0.00666192389441003,0.0171671071075111,35.5911007652004,0.0203481801432405,2.56876045999817,16.1318510619127,0.074652988504433,167.73259624352,0.0176054271756571,6.83573725529696,6.1137242073472,0.176341365672577,0.00438468629387749
RI24-1018,DartmouthID_duffy-030625-011,0.00575840688114063,0.0158709284790738,33.4416386459348,0.0162760389567677,2.62045199627665,16.0048486250155,0.062457167306962,171.245875266218,0.0183810406737964,6.68443564383796,6.19485832327955,0.165789707352074,0.00256110957881936
RI24-1019,DartmouthID_duffy-030625-012,0.00633909769339376,0.0101833226041914,23.5830828021849,0.0170476311296926,2.56755985321406,15.7025807608029,0.0373804123510369,157.756623639652,0.0142585055604555,6.40014276979376,6.52217365417936,0.134188398666641,0.00126853902484762
RI24-1020,DartmouthID_duffy-030625-013,0.00614725031333265,0.0141781207089652,30.53712617132,0.0264238644837384,2.43627355842532,15.7058909141312,0.0633030067914331,155.085490849404,0.0180644576341676,6.23327027891633,5.73166866959437,0.150937527376135,0.00216736991690138
RI24-1021,DartmouthID_duffy-030625-014,0.00643299753933184,0.0176426553851224,38.1849585661645,0.0211122229186983,2.68832405687026,16.615035094519,0.0682156909929932,169.818842200836,0.0174908607252333,6.66573729813452,4.81543108861909,0.178233416339546,0.00229648892390339
RI24-1022,DartmouthID_duffy-030625-015,0.00572446718398309,0.0189125058240618,39.5029663734393,0.0276906835671694,2.3500981245074,15.327023592727,0.08321405540518,148.008678562251,0.0208885335144033,6.19663982047803,6.11922449285615,0.180507423658677,0.00242340761014148
RI24-1023,DartmouthID_duffy-030625-016,0.00498978836410142,0.0138858493589233,32.3291066446674,0.0131465314391819,3.8189013996137,23.9584776851577,0.0566785593490015,237.264162808151,0.0198833858627015,9.31135960989134,5.55419832007297,0.172253232575641,0.00354489693483181
RI24-1024,DartmouthID_duffy-030625-017,0.00802374167322978,0.0200689440572631,41.6412524664794,0.0257893029724959,2.39586024382796,15.6811568419902,0.0870644570918709,149.583838129016,0.021123361153674,6.23754287006825,5.50309431154583,0.185644404298592,0.00585848438117564
RI24-1025,DartmouthID_duffy-030625-018,0.00828648663328415,0.0183945846156008,37.4993929200964,0.0164114796571543,3.48351582905418,21.3615300995784,0.0512750480326806,272.239988192737,0.0183636621838854,9.01363505215345,6.0223068868481,0.197022561718581,0.00241397275368178
RI24-1026,DartmouthID_duffy-030625-019,0.00565403551483,0.0147922169044549,30.5966796110956,0.0176067084875253,2.32317661494922,14.4807632139111,0.0414974960287902,152.112407640956,0.0168811076802331,5.85357980113586,5.63947275584036,0.15104854914285,0.00154554581468416
RI24-1027,DartmouthID_duffy-030625-020,0.00794242995504762,0.0168946307530101,36.3318665938228,0.0287083174018072,2.38329393010865,14.7859140713497,0.0575135652659391,149.183576151253,0.0188370682777216,5.86176193640118,5.78803732487826,0.168715945749184,0.00218844666117052
RI24-1028,DartmouthID_duffy-030625-021,0.00954435320183029,0.0193096279433851,38.3659881160288,0.0255495239435863,2.3305057510814,14.8456545151281,0.0652301717741214,154.109312006777,0.0218332791010172,5.7876396108302,5.80720273488056,0.17070727408791,0.00221984073181646
RI24-1029,DartmouthID_duffy-030625-022,0.00855966058917315,0.0182543505235702,36.941192309066,0.0245582669017432,2.26379375695034,14.7483110701002,0.0765499385717423,147.590373783964,0.0232060135830872,5.54424609904913,4.98376398780761,0.165411807275997,0.00289450712510832
RI24-1030,DartmouthID_duffy-030625-023,0.00632015355962253,0.016408518575529,32.9118737593624,0.0200251574971513,2.2487512831296,14.5526553186057,0.056652422114285,143.063674875757,0.0185343498022886,5.5220442947438,5.26329524486585,0.156245648169076,0.00239104801825085
RI24-1031,DartmouthID_duffy-030625-024,0.00596108627279982,0.0182097147962293,35.3655333939313,0.0185799646959787,2.24636520366023,14.828525588213,0.0607346309251031,147.358450929421,0.0196865194362003,5.74949484144394,5.93937227259249,0.16428211131203,0.00212444233988598
RI24-1032,DartmouthID_duffy-030625-025,0.00786110061353665,0.0184668895401109,37.3194730634755,0.0208738307025085,2.37344412831677,15.326283012873,0.0530813780472893,156.891259440403,0.0192400911063947,5.95804891179576,6.44913749919008,0.173204639389109,0.00226395422705195
RI24-1033,DartmouthID_duffy-030625-026,0.00634482133232119,0.0127730764609731,26.4782113719359,0.0187249541085329,2.31041904597203,14.8837015496657,0.0404733553056226,153.102569605142,0.0165231984816521,5.61696086605672,6.17684720215464,0.138020889106269,0.00245312397040507
RI24-1034,DartmouthID_duffy-030625-027,0.00472193946537962,0.0151201577726762,32.8662493862775,0.0175264393556062,2.40042830786737,15.6674908763779,0.0476357476102658,157.485591669867,0.0206740106081512,6.04066466403364,4.78646569873195,0.164371498043057,0.00210456724185333
RI24-1046,DartmouthID_duffy-030625-028,0.0107934975232666,0.00839484896841559,14.0910146837049,0.701505169679075,0.353517853059327,1.92940483861123,0.487990084578226,1.8220141173818,0.0362998451035443,2.47955023066635,6.08600182214507,0.0818371693637057,0.017607327065572
RI24-1047,DartmouthID_duffy-030625-029,0.00585311700207426,0.00381410024564981,4.90157467169858,0.00148858961056055,0.178554122774203,0.676904311488597,0.0437893522517653,0.679654550870654,0.00342664272850684,1.28726395682754,3.52404923397044,0.0298495188847015,0.00574543895066994
RI24-1048,DartmouthID_duffy-030625-030,0.0131696159532128,0.00341600223101891,3.98497430392081,0.0347613470894651,0.875296416274792,0.599290264102487,0.0170118958527844,0.619783855473892,0.00383368406011087,1.2404756175172,3.91071485186685,0.0253633361359207,0.0542371363912055
RI24-1049,DartmouthID_duffy-030625-031,0.0121391875981998,0.00354163137884267,4.02542683909643,0.0195091695591745,0.142862073360654,0.576573514449597,0.00950756276800316,0.555740241949146,0.00531396118177028,1.18778539657333,3.52656824984112,0.0249295861828593,0.00413093214324146
RI24-1050,DartmouthID_duffy-030625-032,0.014716377026983,0.0045257821333251,5.69302666313506,0.0442967255003188,0.214950487432622,0.824228994957635,0.0145181669730257,0.803182153650515,0.00486168132312963,1.66198312071412,4.39394057188068,0.0348232965856089,0.00930220153194433
RI24-1051,DartmouthID_duffy-030625-033,0.0119061367260829,0.00334216386158233,3.88761497871392,0.0226808873054848,0.966897478865734,0.551610623935352,0.00686903662487888,0.604508336564849,0.00460359739438734,1.14844994464776,3.13893687575015,0.0240869674355159,0.0570091464299196
RI24-1052,DartmouthID_duffy-030625-034,0.00867648910544325,0.00339114455533151,4.12602114345231,0.0179157715856752,0.17556610251839,0.581112262022709,0.0103333563499289,0.571116104509516,0.00447616931224864,1.17076463342641,0.819847302961506,0.0257526138074977,0.00688488754770527
RI24-1053,DartmouthID_duffy-030625-035,0.0408364535851728,0.0049203045122513,6.93861050382009,0.0354995802724115,0.307760917381971,0.973741777424999,0.022114882091303,1.07644354358278,0.00839829638660476,1.94143569417405,5.02338553953096,0.0434332348543175,0.00916895980534318
RI24-1054,DartmouthID_duffy-030625-036,0.0259135205584545,0.00375429741644784,3.50526199558999,0.0292249920192377,0.686249514272354,0.466639020993258,0.00901835073937457,0.517973521918784,0.0035775806436855,1.02845461470148,1.13141970297756,0.0240670026604322,0.0403155642657472
RI24-1055,DartmouthID_duffy-030625-037,0.0381427845115796,0.0026835871900044,2.69914849296331,0.0325101408418581,0.1639696011434,0.38138974789204,0.00662136042128933,0.382676867664231,0.00472093652289976,0.737764428722135,1.77302590375454,0.0171566321383573,0.00819036161085563
RI24-1056,DartmouthID_duffy-030625-038,0.0411589664089256,0.00267981351773967,2.71811514209148,0.0312325537609419,0.166613780807416,0.38925856350103,0.0064187528254288,0.409774307492274,0.00396995506533341,0.746451677294877,2.1921853799026,0.0169677024785258,0.00834296537016165
RI24-1057,DartmouthID_duffy-030625-039,0.0406860421191119,0.00243768414057065,2.70796831670146,0.0278769444899454,0.110242919917533,0.396165706589927,0.00517915021279841,0.448381000970931,0.00379699808983675,0.75007005950194,2.00273176665862,0.0168706676412498,0.00681912168988672
RI24-1058,DartmouthID_duffy-030625-040,0.0357998708758203,0.00281699883910714,2.68788702762485,0.027510172610373,0.139892082856105,0.392083651001501,0.00528651003726672,0.394964455349561,0.00350788013163017,0.754536049669751,1.81815862247486,0.0169300523557982,0.0130026803952677
RI24-1059,DartmouthID_duffy-030625-041,0.0448862550430986,0.00451667024714831,4.91480575907341,0.0279105852476512,0.253491218488339,0.713538557589291,0.00706408109242355,0.770332020389359,0.00439829767787988,1.37611646833708,3.21585743377651,0.0310476711305984,0.00893897605967548
RI24-1060,DartmouthID_duffy-030625-042,0.0518004334034159,0.00442726679377234,5.25284955301342,0.0338239679325236,0.964051231135432,0.766735675450636,0.00812298197887248,0.834903818253298,0.00428837102775971,1.48795101821602,4.26896448850787,0.0331093676179618,0.0546036059633197
RI24-1061,DartmouthID_duffy-030625-043,0.038680323684474,0.00296346789853464,2.84726416323815,0.0249810685862327,0.139403597536116,0.417161393366296,0.00536020159050306,0.41555835581789,0.00383287409527181,0.795984956338635,2.55598100731999,0.0179747371682053,0.00380420042248871
RI24-1062,DartmouthID_duffy-030625-044,0.0197748350979098,0.00471954424479888,3.63269013402194,0.0150609143495344,0.186293625847624,0.547033917431826,0.00403714073690646,0.558516039843934,0.00402361079741434,1.0332799775178,2.36966805114638,0.0228529742966672,0.00699881530982384
RI24-1063,DartmouthID_duffy-030625-045,0.013477778905667,0.00801322341095941,20.8266828178601,0.0477342562614435,1.8587672468399,6.85743202849698,0.0191625689277231,15.3110307959129,0.0160864575551143,5.12065702274874,3.80433343084662,0.115583996321464,0.00680162587590788
RI24-1064,DartmouthID_duffy-030625-046,0.00802122940459251,0.0191688595280883,36.9602816211563,0.0280914050177682,3.17502287026636,12.3245356494279,0.0341624315975675,25.117532506696,0.0252594593839047,10.1481292662102,6.89782575598375,0.201463056287082,0.0119220644732937
RI24-1065,DartmouthID_duffy-030625-047,0.00835635562401526,0.0148440253579439,38.1720335017454,0.0331049073712447,2.44057246168356,9.52522990638329,0.027047905343652,19.3557820040551,0.0210297192662844,7.94620835848717,6.85801132826089,0.193288563019419,0.00786240112618732
RI24-1066,DartmouthID_duffy-030625-048,0.012273792562842,0.0243027939976854,55.7682813497283,0.0373943175742122,5.12611497734332,19.4579743705775,0.0557035840926149,40.0418518599158,0.035941480347055,15.8152640697329,9.29493170253931,0.298699647974488,0.0150839757780701
RI24-1067,DartmouthID_duffy-030625-049,0.00865691387055134,0.0137906270634291,35.8719618231252,0.0390193629203064,2.57263918476367,10.3169704347697,0.020406017625521,21.8845513039273,0.0171052367718832,8.33254898900059,4.32330220852913,0.189361582029638,0.00558205583278651
RI24-1068,DartmouthID_duffy-030625-050,0.0119584686241912,0.0158954028154322,40.1756935855576,0.0534297910906383,2.662374202092,10.6747739690245,0.0268698799351859,23.0945458415071,0.0192785888401075,8.74398448672355,5.77356314133072,0.204248743199041,0.00986297461922844
RI24-1069,DartmouthID_duffy-030625-051,0.0101708446214847,0.0122016095299594,29.7787816544345,0.0485118712975007,2.18667062982593,8.4629283070511,0.022739774197488,18.025494647917,0.017315776188363,6.88460904735039,6.64071197233953,0.163741367771346,0.00569592886142029
RI24-1070,DartmouthID_duffy-030625-052,0.0161960377380061,0.0135652066593764,34.5433198358749,0.0480623634382958,2.13860779825174,8.63338060920663,0.0227550996171279,18.506355096887,0.0201689316821703,6.94828540213276,5.84786572820238,0.177479854415032,0.00661848797882298
RI24-1071,DartmouthID_duffy-030625-053,0.00578524163880128,0.00998364179850048,30.9702017919153,0.0272925838482701,2.66190189118079,10.7083225889703,0.015371750057276,23.3719513354283,0.0175628167424468,8.59144422830707,3.09287678717861,0.171727858089535,0.00453823821063859
RI24-1072,DartmouthID_duffy-030625-054,0.0146557294789436,0.0166344990464163,48.1376136912677,0.0382235032850354,4.02084063984112,15.4056760236409,0.0266342077739903,32.8745337354263,0.025779872477544,12.0395182754275,4.70528642700327,0.266714701957544,0.00505327608503204
RI24-1073,DartmouthID_duffy-030625-055,0.0178410603094607,0.0106295874507548,29.2426288488556,0.0551387928576897,2.46123021305961,9.35634041382903,0.0181589301951834,20.1478724419219,0.0220159373478804,7.31255200392369,3.47810762189555,0.163883693848128,0.0199317920263132
RI24-1074,DartmouthID_duffy-030625-056,0.0191188029155065,0.00947461981325194,23.9330690576766,0.0507852558128817,2.25093159887812,8.55911909342004,0.0166567825083881,18.7268666787669,0.0199826311501114,6.73559006306996,3.84085711979441,0.135777609036,0.00514507198325215
RI24-1075,DartmouthID_duffy-030625-057,0.0307686608938221,0.0118100090911588,29.289449940873,0.0691440598844456,1.81986128239894,7.07479683764768,0.0192435736143367,15.5837372860965,0.0206245132976624,5.46735336887557,4.35168747996914,0.156419382703414,0.005855226537555
RI24-1088,DartmouthID_duffy-030625-058,0.0410828999617895,0.00408220664175992,4.25850618982023,0.0277439019150313,0.293426438381717,0.592081715897824,0.0103452870301642,0.733640662759469,0.00786461807185834,1.21868154985751,2.87160375788355,0.0279990993831062,0.0172627092834415
RI24-1089,DartmouthID_duffy-030625-059,0.00976950383966543,0.00327153845939932,3.83394760169854,0.0148410470559131,0.149225119818699,0.570232018777689,0.0042334492858608,0.620729783800029,0.00338406909284432,1.14335664828305,3.6833309987522,0.0240874063012853,0.00384173492271117
RI24-1090,DartmouthID_duffy-030625-060,0.0110558860145846,0.00333520963615045,3.66480726080928,0.0164337235068582,0.153552794498599,0.540202900498435,0.00507192512605672,0.595518011809128,0.00391367646850713,1.09850370402581,3.28104489893721,0.023432139763248,0.00551988637378773
RI24-1091,DartmouthID_duffy-030625-061,0.0176400616157811,0.013113424224969,27.8519278282465,0.0462429236707209,2.50418559195805,6.93299252793567,0.0124579680045812,15.2896936523867,0.0214355980423358,5.3489123626978,6.04625985224194,0.140979055799044,0.00187654236083281
RI24-1092,DartmouthID_duffy-030625-062,0.0136380426210962,0.0089475016702932,21.2526220846992,0.0349558621268323,3.36578997800916,8.88312079552799,0.00937379188159759,19.9751203530615,0.0196009541302753,6.33054913039778,4.94768585416543,0.124220605946167,0.0013206972677164
RI24-1093,DartmouthID_duffy-030625-063,0.0275293201398373,0.0163660463994845,30.3062088767852,0.0615895051867968,3.62766024065274,6.92948509605985,0.0151642097648755,15.3249308773221,0.0998388776208596,5.08179299931693,5.53652747651362,0.142684769394366,0.00291573456741042
RI24-1101,DartmouthID_duffy-030625-064,0.016503756241414,0.00304105837150208,3.64617320676292,0.021684566473107,0.148379443854674,0.517283446990183,0.00512973032720677,0.622124100819015,0.00303525655407096,1.04852062012368,3.33353581586686,0.0228614816994182,0.0368841814828466
RI24-1102,DartmouthID_duffy-030625-065,0.0165092428919559,0.00301854775578466,3.43906296294318,0.020751037266064,0.148494483993558,0.489125192803107,0.00496101702235529,0.549781362982402,0.00197484229443243,0.992098158192939,2.86186962100452,0.0218557120731443,0.00594880864785864
RI24-1103,DartmouthID_duffy-030625-066,0.0228885644527435,0.00319399102540245,3.29015686760012,0.0299539156546614,0.162936413453261,0.465071840140434,0.00618750345102509,0.535013391336501,0.00442513280553959,0.934377956280285,2.9846052232031,0.0211130055094698,0.00573685455596101
RI24-1104,DartmouthID_duffy-030625-067,0.026355010958563,0.00303472680510237,2.97327386902635,0.0311599635408438,0.183045483542343,0.416016767902521,0.00588579394302259,0.484317783429349,0.00468550423203431,0.828624632285349,2.84152873475019,0.019087069711837,0.00789067191406922
RI24-1105,DartmouthID_duffy-030625-068,0.0328205871001893,0.00273860978448017,2.71143397616805,0.032106901802172,0.178732137965927,0.385731413576486,0.00645751642487498,0.442673675722157,0.00475001201520078,0.758525756860939,1.79206782855242,0.0174521608326598,0.00572100522919164
RI24-1106,DartmouthID_duffy-030625-069,0.0118860597305694,0.00401648418752157,3.90579077479581,0.00780194668123993,0.172792435653572,0.575953745463762,0.00241477957543901,0.619211790537501,0.00461659099368136,1.16820909416891,3.68933894299021,0.0242860401570198,0.010751835675781
RI24-1107,DartmouthID_duffy-030625-070,0.0333089441172071,0.00164085138551258,2.43134009076026,0.023286255869964,0.111566054886067,0.337440592012287,0.00466762824282271,0.394351110957722,0.000996047986624027,0.69893594378049,1.68269661477649,0.0154039553866335,0.00866992383829331
RI24-1108,DartmouthID_duffy-030625-071,0.0467665645926109,0.00205126568897946,2.38677560840706,0.0321776504192503,0.391740237845068,0.326631852577839,0.0100585621070263,0.494707298343342,0.00335645760076801,0.703086261731758,1.62460675055761,0.0155225817875718,0.129273945106169
RI24-1109,DartmouthID_duffy-030625-072,0.0432023162820373,0.00211143413762759,2.20199065248146,0.0287583534628705,0.109382825402174,0.304897414772085,0.00750917301473965,0.38517840933631,0.00443766129649279,0.647005147413933,1.23514515353622,0.0142732978319982,0.00526434769373924
RI24-1110,DartmouthID_duffy-030625-073,0.0437724205111655,0.00113264631219924,1.63359853392905,0.0302662596989701,0.0545402100701818,0.220959245570786,0.00901315909199318,0.295836405915185,0.00159375339141512,0.470895986779274,0.876679701248624,0.0104059332945134,0.00866430928620995
RI24-1111,DartmouthID_duffy-030625-074,0.0282082829310186,0.00214099616530243,2.45535072647684,0.0248170536537885,0.124434881058882,0.347108165156335,0.00937975278239522,0.432836657723694,0.00205577017812968,0.720142719110531,0.871679588104204,0.0155320819492595,0.0091173851382461
RI24-1112,DartmouthID_duffy-030625-075,0.0266063718322704,0.00272812675893612,3.25773642520186,0.0198732113328167,0.161393736493695,0.493260312459085,0.00360576513405495,0.561579538774302,0.00465206255497616,0.948408272516272,2.28196039448594,0.0197071050489521,0.0136733641642811
RI24-1113,DartmouthID_duffy-030625-076,0.0204559450071696,0.00248599350973003,3.12569688582894,0.024378910361965,0.0550180064995577,0.458226227743977,0.00351649861612465,0.477858118274384,0.00166980239200473,0.891363964363009,1.42617557192139,0.0188567854301069,0.00584321723772159
RI24-1114,DartmouthID_duffy-030625-077,0.00835060773201326,0.00765739773422388,22.3704167292091,0.0172575353207798,1.64705250078354,6.65046507975793,0.0158858974666788,14.9975740218511,0.0105996029763134,4.85043069980724,4.88159879745796,0.117874584181853,0.00155910227993401
RI24-1115,DartmouthID_duffy-030625-078,0.0103091353598521,0.00987896934918771,25.0986148465663,0.0359428960332631,1.66020343045872,6.20304875722436,0.0204980330464599,13.6859546438528,0.0140417352203236,4.5008024853306,4.85322001572009,0.127717373212846,0.00266933825870321
RI24-1116,DartmouthID_duffy-030625-079,0.0163283446775542,0.0092314412763595,24.7290026944005,0.0421287522346252,1.94427576646901,6.81077663025361,0.0186022667020311,15.3640169729575,0.0148666304908803,4.99594749268753,5.21556688054137,0.126669087519758,0.00178747139594849
RI24-1117,DartmouthID_duffy-030625-080,0.0138931374829031,0.0110685530871485,21.5802552798183,0.0449025556769287,1.95970283149099,6.29917405765277,0.023016318321686,13.7070201693135,0.0284043549775849,4.62162510495881,5.1388817823665,0.109558027401287,0.00411991840736865
RI24-1118,DartmouthID_duffy-030625-081,0.0176149318133994,0.0149892892870593,30.9282684929274,0.0427034536974689,2.87336257956058,7.59507586236448,0.0274511357866411,16.0412664404748,0.0296273800254095,5.51274328863377,5.95954025379983,0.147286025983649,0.00390601538177642
RI24-1119,DartmouthID_duffy-030625-082,0.0155657213388587,0.0167238767353893,31.7416753768502,0.0651026614906351,2.81933332925965,8.71621464565756,0.0382660607394016,18.6761616212415,0.038484694045175,6.7916726787462,5.96715160720775,0.158423074169128,0.00421053683416897
RI24-1120,DartmouthID_duffy-030625-083,0.00561895883042288,0.0148442548028454,30.9753286689037,0.0145517133115025,2.25662869237689,15.3290310342489,0.0568387365863502,169.840699943379,0.0191519699585924,5.97220518881004,5.56448182542755,0.168195278781028,0.0043200926864688
RI24-1121,DartmouthID_duffy-030625-084,0.00978816449035828,0.026421019877068,48.3774637725401,0.022122064343932,3.1224846053691,20.0929926660231,0.116353666517853,229.274020271636,0.0277342557854319,7.76605777728038,6.80738511814148,0.229975283637771,0.00737244860966706
RI24-1122,DartmouthID_duffy-030625-085,0.329457754582068,0.0199908002811346,31.4635864640482,0.618560385219778,2.11452899085688,12.6948420167323,0.0815708805679919,203.316869974027,0.0402226053496896,5.7640712852125,5.4239176658856,0.159057205488422,0.079225266793702
RI24-1123,DartmouthID_duffy-030625-086,0.00793869624887417,0.0169281082068518,32.1102067750852,0.0227687761060292,2.50207982898259,14.4201160215765,0.0714395612817411,184.79120182341,0.020433897913407,5.68205934097186,4.5270593803939,0.154232173309285,0.00373796740015533
RI24-1124,DartmouthID_duffy-030625-087,0.00403008500216544,0.0136603817436867,25.1666960773192,0.0140574573728241,2.69235553007316,16.5278945974036,0.0533193502480743,222.140912599819,0.0173766713596841,6.28123683256945,5.09010503191985,0.134997036858608,0.00408496268351676
RI24-1125,DartmouthID_duffy-030625-088,0.00605020277057481,0.0203761848082772,33.4610313708702,0.0202887630518621,3.08581879738839,19.6684989918297,0.0789213913668522,264.327254526698,0.0210768867394162,7.48612701313517,6.04401095314549,0.174935069086245,0.00404881066532016
RI24-1126,DartmouthID_duffy-030625-089,0.0357245426230916,0.0153605136312133,30.4884911943717,0.113185386584563,2.8104015478362,17.9088874622259,0.0605585914696242,238.532576980029,0.0237882123447241,6.74946064350817,4.96558558880582,0.160589504807126,0.00419647969525033
RI24-1232,DartmouthID_AS-061025-147,0.0211400744714283,0.00213722712936285,2.5202510346941,0.0183285593430614,0.345563444058522,0.438885479613769,0.00124766932199555,0.53516467694284,0.00304238662378345,0.80011074873716,0.419209410072191,0.0148831553621984,0.0369817936535035
RI24-1233,DartmouthID_AS-061025-140,0.0199321160476742,0.00231808002074247,2.90138147657519,0.0107262218571076,0.266534046840983,0.419398183834472,0.000549197647885801,0.510907787834068,0.000714300127806772,0.844660592693872,2.73596094868891,0.0171040115533667,0.0355167429509059
RI24-1235,DartmouthID_AS-061025-149,0.0457484456198045,0.00687971164985839,7.5042012206817,0.0230182280748054,0.450358709046728,1.06214505365332,0.00801007787234694,1.25853526600503,0.00327395479169149,2.15319276083259,1.65228329825847,0.0444424134852248,0.039176785602324
RI24-1236,DartmouthID_AS-061025-143,0.0220660090018076,0.00272990997997548,3.11385816534487,0.0130189910332281,0.300509030549198,0.451554003051745,0.000531045670851401,0.550845933675425,0.00244177890016744,0.91226239618411,2.63852250069066,0.0184819741448956,0.0390515103869588
RI24-1237,DartmouthID_AS-061025-145,0.0321910571374749,0.00404937926695933,4.90735827696277,0.0313784882210971,0.439367615132427,0.713313926568766,0.00234499475441912,0.837411057781897,0.00516398340140229,1.45841841894102,0.87729702796871,0.0292093954025477,0.0344785339328534
RI24-1238,DartmouthID_AS-061025-142,0.0260413227738161,0.00300624007960861,3.13629990332143,0.00911554494170514,0.365709987912986,0.450642923044972,0.00265574878081578,0.545096378446448,0.00403689155031995,0.902663753880825,3.05023209667396,0.018867581122011,0.0377070778540044
RI24-1239,DartmouthID_AS-061025-150,0.0231536011050357,0.00308376563607638,3.74485733823322,0.0133837706837051,0.32267584335622,0.532675256876127,0.000684649503325227,0.648131557747955,0.00477835682090711,1.10772626734578,0.872820706144121,0.0222616897027153,0.0340500856857941
RI24-1240,DartmouthID_AS-061025-141,0.0221532604532898,0.00324882365124651,3.14409027272085,0.0113842051072977,0.293706622100679,0.448915986554089,0.00348585700485211,0.522835787711601,0.00116426390593315,0.920779521112523,3.13895040201655,0.0186641656569425,0.0371302869034995
RI24-1268,DartmouthID_AS-060325-204,0.0209398796401364,0.00320699116524693,3.66957951761789,0.0133627727297924,0.167719905691539,0.506696744397381,0.00446792017742774,0.57795322836283,0.00508432799984554,1.03511451307318,3.20877415963813,0.0204947104887986,0.146088271437899
RI24-1267,DartmouthID_AS-060325-203,0.0151832160409502,0.0137520070283557,36.5368991902387,0.0456121842968216,2.64189597846027,7.26256562613223,0.00971097947192918,14.3005759594319,0.0213970033105503,5.60118951510513,5.2538413868656,0.168031097528127,0.0308215827195021
RI24-1287,DartmouthID_duffy-030625-090,0.0264067163746735,0.00228295396274419,2.81868605435525,0.0178385319177312,0.152550727904573,0.358052731412444,0.00582572655362258,0.735348806031519,0.00339461217081162,0.749622937152158,1.64534277063742,0.0160936862315795,0.0115109026627123
RI24-1288,DartmouthID_duffy-030625-091,0.0797390070341976,0.00233068050086971,2.53772099736247,0.0757525558032444,0.120585043002024,0.362161198986535,0.00718552114732694,0.513622112839328,0.00574382400441629,0.742551449308232,2.22323150258241,0.0160096231795466,0.00189280619229243
RI24-1289,DartmouthID_duffy-030625-092,0.0281149078512403,0.00226133884573768,2.33938885027497,0.0184274100197339,0.0959255921399342,0.32504183333077,0.00337061651903252,0.387713604069257,0.00159496651134197,0.6921875537941,1.65987335804114,0.0146106372044505,0.00682353949790932
RI24-1290,DartmouthID_duffy-030625-093,0.0392705623408288,0.00256543655103179,2.38386504737277,0.0221695908763182,0.115403642008067,0.32430531278693,0.00355615956488814,0.371020207336253,0.00293173559561969,0.689076102559037,1.75405257503701,0.0145225302080199,0.00420089155512265
RI24-1291,DartmouthID_duffy-030625-094,0.042479391496809,0.00221523231849232,2.32151284432251,0.023776416051682,0.0630073701970721,0.324832301173772,0.00367526665157065,0.338054905125345,0.00145793002399033,0.684760484593721,1.86627709332883,0.0141997177474337,0.00417335794853848
RI24-1292,DartmouthID_duffy-030625-095,0.0478670414772722,0.00206662802617795,2.32176138111872,0.0198051963162977,0.0514914110439822,0.324003283524096,0.00478836876793839,0.378593841556304,0.00138099410518579,0.682293229566645,1.92167342511142,0.0141989688389682,0.00940839495821264
RI24-1293,DartmouthID_duffy-030625-096,0.041104577083082,0.0029346368390953,2.64548465997012,0.019990354784134,0.194701882828625,0.36710658132706,0.00555881353997607,0.568225894481183,0.00256562170651938,0.760608772079933,2.08242751520248,0.016278875594695,0.00666001437483749
RI24-1294,DartmouthID_duffy-030625-097,0.0455692207852785,0.00249999224282451,2.47561138270125,0.0173490691969282,0.0709491292203864,0.338777658296392,0.00607461193970972,0.364884123672091,0.00184426088602994,0.697300379851674,2.10268984634097,0.0148534355376566,0.00368532528423284
RI24-1295,DartmouthID_duffy-030625-098,0.0344481693625567,0.00239789018868351,2.45920410237601,0.0149098165955963,0.0554102162253496,0.339858692925222,0.00516494038254794,0.407266932200276,0.00404635920424625,0.71272295271606,1.94127632942397,0.0150867234477232,0.00341125603554895
RI24-1296,DartmouthID_duffy-030625-099,0.0205074881408054,0.00322350110425711,2.45835603295627,0.0129456873015568,0.091330142373865,0.336196200148284,0.00369532842024046,0.419830204320998,0.0021041848000516,0.726017515804887,1.79986209549946,0.0149897077769399,0.00214413623698325
RI24-1297,DartmouthID_duffy-030625-100,0.0357173378754069,0.00281709525031957,2.51916341325729,0.0165036846323257,0.101567355653699,0.337751270570404,0.00376019256532942,0.413748830984491,0.0027363298072787,0.734677979868285,2.06421828312023,0.0152883452089009,0.0178051908600981
RI24-1298,DartmouthID_duffy-030625-101,0.0561551576462459,0.002938841166612,2.47867095541265,0.0994814708507937,0.111372224856568,0.380924015525372,0.00620717105427294,0.453080187737902,0.00638160612691767,0.741897753342158,1.59882320630892,0.0152268614541173,0.00421504727289499
RI24-1299,DartmouthID_duffy-030625-102,0.0357482732864451,0.00269912531529186,2.66968518850032,0.0176048793447069,0.100980963536893,0.3706915703968,0.00507864553751651,0.423999421407498,0.00273663321900775,0.760358441938585,1.77923442230979,0.0162490186636153,0.00436663798165971
RI24-1300,DartmouthID_duffy-030625-103,0.0331824374582655,0.00296483385007676,2.6410909200418,0.017567470714684,0.0812357247135054,0.362021361829341,0.00392152094790027,0.425559698027574,0.00301254939896796,0.762397979858002,1.67098929459106,0.0158433744517992,0.0177109105364476
RI24-1301,DartmouthID_duffy-030625-104,0.0309140348317815,0.00303785751142129,2.7726079891988,0.0150603153119436,0.0928699748523478,0.386459846805507,0.00445216780072076,0.446861152272945,0.00184430686125715,0.786710979107979,2.10256877752097,0.0168522863442346,0.00363979362325157
RI24-1318,DartmouthID_AS-060325-202,0.0129496944159009,0.0161160231396208,41.0086090794393,0.0506901881941506,2.42563743601267,7.17032091650478,0.00871757504665892,14.4457565614437,0.0228938777852976,5.6276846074283,5.10828778339685,0.183883856194189,0.0180191324594558
RI24-1319,DartmouthID_AS-060325-201,0.0141486509660131,0.0151678613247753,39.7543332585046,0.0438494222657788,2.50606293902676,7.2401325620243,0.00752720136156978,14.6011319096736,0.0214349944998736,5.61698564044029,4.85231416728467,0.180635597563495,0.00921673073010264
RI24-1320,DartmouthID_AS-060325-200,0.013791877730113,0.0154308347455375,40.4701600081591,0.0375239787458139,2.63412648093854,7.37013881202797,0.015094367077777,14.7916122588386,0.0215188697164905,5.74164144099964,4.81909340802162,0.18371436793471,0.00770208609506639
RI24-1321,DartmouthID_AS-060325-199,0.019462998653136,0.0140517812094504,38.9010370275104,0.0430957672456185,2.73201396947033,7.80324850741315,0.0148646427208183,15.6890016508638,0.0192666141852243,5.94683031942487,4.91512128237574,0.181690065341524,0.0049073345423323
RI24-1322,DartmouthID_AS-060325-198,0.0144997252602692,0.0129634379987927,39.1213574040741,0.0533865044943898,2.52185777931115,7.63233549448152,0.0128019824652488,15.4311505616389,0.0220168491810076,5.87845135265669,4.77479136570416,0.180018920692831,0.0154434061026298
RI24-1323,DartmouthID_AS-060325-197,0.0117409081817787,0.012086454305355,37.6064951273732,0.0310410710996739,2.44853998590283,7.60619875803234,0.00604755553338587,15.5961871938566,0.0153387659519193,5.86184409911949,4.59846827868384,0.178836821325948,0.00745411384077465
RI24-1324,DartmouthID_AS-060325-196,0.0141400091615428,0.0143208793398266,37.0266307955478,0.0410715801206316,2.48302785237994,7.74227708967019,0.0156338385650919,15.7081492822738,0.0173477593489914,5.91806418569662,4.42382968520879,0.172338574464069,0.00253342918070875
RI24-1325,DartmouthID_AS-060325-195,0.014417358485429,0.0132130749685421,39.6394020817889,0.0368637341943378,2.57894981635967,7.68877424395117,0.016033022913889,15.9436645165679,0.0191432011744548,5.94400814865676,4.44543152328172,0.185967139001688,0.000158053959906216
RI24-1326,DartmouthID_AS-060325-194,0.0115329327138569,0.0150596054571707,41.4065719160562,0.0280410182342138,2.39816598995241,7.59095788217977,0.0126977395408744,15.8816456136849,0.0185899214412805,5.88153385592975,4.29258337037643,0.190376711974937,0.00300859982299116
RI24-1327,DartmouthID_AS-060325-193,0.0130329654056841,0.0105096988762174,33.4459466519848,0.0253109145900155,3.75174535692494,7.61603216566788,0.00585200827753678,15.9310236579492,0.0180437669630161,5.8287021884547,4.152230695488,0.165597504646128,0.00831376443994632
RI24-1328,DartmouthID_AS-060325-192,0.00597905901450998,5.53159781455598E-05,0.0827657257520797,0.00192401124043684,0.552106106026788,0.0059622216479501,0.000932183079630811,0.0435289335472775,0.00273364545860571,0.0293585213628288,0.028991240125427,0.000293189420029375,0.0187909034021935
RI24-1344,DartmouthID_AS-060325-191,0.0165948456778263,0.0113985944583165,29.69832112582,0.043447278773456,2.4171964376453,6.54511825812541,0.0144121591045247,13.5730980918428,0.0186237868065503,4.7462767603333,3.50534205814088,0.140988342669605,0.0123448971520179
RI24-1346,DartmouthID_AS-060325-190,0.019166349658393,0.0148809347209105,34.563818309558,0.0439086373807346,2.33609267056828,6.56495104765851,0.00099598156404277,14.6120323872609,0.0190017097884998,4.60555737705986,3.66810485355423,0.158544859611,0.046821840894003
RI24-1370,DartmouthID_AS-061025-132,0.063411418263628,0.00863366480213807,2.87028984448427,0.0271271153022889,0.420579509905759,0.323704896201533,0.00998158806425987,0.374638109189998,0.00935024884705158,0.707242286378734,0.261329380213483,0.0137999868667168,0.251666839843462
RI24-1371,DartmouthID_AS-060325-189,0.0135461536347407,0.0124206398551097,34.1778994816894,0.0462969553653322,2.12302438692778,6.76047968872612,0.00126577798111477,15.0189094986618,0.0186240480152597,4.7444465730493,3.77703615913099,0.16054800619501,-0.000290198562079702
RI24-1372,DartmouthID_AS-060325-188,0.0189677324173638,0.0136739148788018,36.5279882038011,0.0491559844528971,3.14130445799229,6.35770144511915,0.00216317848206462,14.0259241394609,0.0204029448603594,4.59239027911737,3.777268715379,0.163832477624427,0.0861813473049405
RI24-1373,DartmouthID_AS-060325-187,0.0291144098545761,0.0101039014375229,25.9731550675898,0.0455308396589741,1.8925438833586,5.23443483333473,0.0011124144001827,10.8184777470428,0.0157207228698755,3.70190452234933,3.95839355902421,0.128086097091113,0.00620021868638464
RI24-1374,DartmouthID_AS-060325-186,0.0481854097627189,0.0137640636362983,37.2494364728934,0.0433343082827458,3.81332912466216,6.93444687175237,0.000852650486873634,15.1735829419101,0.0173205816643603,4.98628347597109,3.91819299192478,0.173657527557117,0.00124122463635254
RI24-1375,DartmouthID_AS-060325-185,0.0271727093805577,0.0120096389528186,32.1288775336203,0.0497751503986688,2.29689773635787,7.08118079204336,0.00076033213595782,15.4568433063943,0.0171707564559545,4.9287967364259,3.81405987863985,0.152364871970993,-0.00124560248123027
RI24-1376,DartmouthID_AS-060325-184,0.0194154399355323,0.0112954812943893,30.8202809124848,0.0394985712010113,2.72268992777756,7.01384132239709,0.000625824190627005,15.5096036830414,0.0159481773821373,4.80560444267428,3.84254532458446,0.149813784896082,-0.000169826251200735
RI24-1377,DartmouthID_AS-060325-183,0.0164614198059536,0.0152305765895103,39.1155937780635,0.0337542651614669,2.55890702870536,7.16224001461212,0.000339642533475444,15.8588611519561,0.0202821317133782,4.92240531254378,3.74919448277363,0.178865463540762,0.0143963249835023
RI24-1378,DartmouthID_AS-060325-182,0.0258278920940218,0.0121531159272131,32.0023516824201,0.0372788815544067,2.76512139255395,6.97531567093713,0.00110525021867312,15.6453353365683,0.0187819583822876,4.81057542587196,3.78811803385042,0.155330244158543,-0.00140518810172345
RI24-1379,DartmouthID_AS-060325-181,0.017004391296434,0.0111876801629791,30.9855987646131,0.0261393848462998,3.93636255049696,7.10094423344052,0.000339450535268232,15.8533448427157,0.0181644744935443,4.90985786819763,3.68350134494699,0.15410914057057,-0.00140581311793185
RI24-1380,DartmouthID_AS-060325-180,0.0196768077252108,0.0121949104035016,32.5309770140791,0.0320037863182875,2.4487930707161,6.97946287071136,0.000671088556757428,15.5104218599943,0.0180535954924846,4.88979531045432,3.53980045525327,0.158113821230295,0.00670866039528301
RI24-1381,DartmouthID_AS-060325-179,0.513000728850296,0.0137933742056643,28.2508724394618,0.533221563105578,5.05387164239133,5.26412513451044,0.0109233141787883,10.6745952398277,0.0738560601786161,3.4815696180566,4.0190673407003,0.11201537840865,3.38232202898174E-05
RI24-1382,DartmouthID_AS-060325-178,0.197829893537782,0.0129305141333954,22.3434027336305,0.233728814651055,5.03239340663525,3.97687363922092,0.00392242339179639,8.05271514598622,0.0487868509560708,2.53424570664722,3.91279325483795,0.0905719510736255,-0.000495156224509212
RI24-1383,DartmouthID_AS-060325-177,0.206260130671657,0.012941407058961,22.1346229424837,0.245749785603944,4.32137534473949,3.90721521273491,0.00404046968980008,9.04519095031258,0.0519873393463495,2.27936772821142,4.59420668661831,0.0914410018024895,-0.000671377703534868
RI24-1384,DartmouthID_AS-060325-176,0.196864668569811,0.0129726084669303,23.5572500483389,0.2426084710198,4.00649582171003,4.34517430693095,0.0045405842184533,9.36701347979458,0.0429956043721453,2.70639104452746,5.07173792467458,0.100672756730525,0.00352798594748637
RI24-1385,DartmouthID_AS-060325-175,0.116993177542219,0.0127710485875003,25.7677921118583,0.152988892159578,4.76837879099464,4.87927053828109,0.00384318375083216,9.95817960019964,0.0458784668533444,3.08438020993456,5.08733612743854,0.110793182784012,0.000922444001677371
RI24-1386,DartmouthID_AS-060325-174,0.1603589883198,0.0146356816719927,29.8546972709033,0.216814919518294,3.82243138851098,5.26659313909919,0.00654845886694352,10.7482593120512,0.0429677376652759,3.38291151451463,5.44728549571847,0.12751240348986,0.000220662494294024
RI24-1387,DartmouthID_AS-060325-173,0.082174951794958,0.014048058232978,30.8422745546167,0.133207305820333,3.02415595439095,5.7780953174255,0.00572467434420233,12.1654545741848,0.0329854796911525,3.9143050472255,5.40276424932652,0.136190072128715,0.000300497101902628
RI24-1388,DartmouthID_AS-060325-172,0.110201275621953,0.0136358270564071,30.8574190489945,0.156843449635695,3.70200741063638,6.0306612395532,0.00584343258481937,12.532514071428,0.0408433317889378,4.03123795710179,5.53471871020393,0.136783055954837,-0.00135646240036042
RI24-1389,DartmouthID_AS-060325-171,0.0441414944458949,0.013241218822866,28.3617048003366,0.0813687569298839,3.90002033084437,6.27042808955273,0.00247150554636723,12.7973032556619,0.0383968795343317,4.06319352649074,5.20193193261854,0.128396211950037,-0.00109537165775939
RI24-1390,DartmouthID_AS-060325-170,0.0964406198825184,0.0161053043483701,34.9500398986589,0.151530894247226,3.80825874602696,6.42024695724279,0.00791663375154303,13.0547267748666,0.0522895866877793,4.1825733160012,5.34493852811938,0.148767183498729,-0.00121385033554919
RI24-1391,DartmouthID_AS-061025-136,0.0426538102070597,0.0128069990670046,28.8306144289319,0.0716753261984213,3.63005629729263,5.96337648355687,0.00571038890165509,12.6028583837091,0.0365255565750062,3.948961896738,4.97724536484027,0.13035399555211,0.0285237920091213
RI24-1392,DartmouthID_AS-061025-139,0.0674640607586426,0.00259963609513184,1.9515642597038,0.0132106215664608,0.283662348402624,0.280805699004079,0.00341659518904582,0.368831164422948,0.0026425976757853,0.605903499789152,1.53201726957322,0.0111293718685667,0.0358569527750051
RI24-1393,DartmouthID_AS-061025-158,0.062366534331457,0.00241557613747453,1.98243925851756,0.0217343448569342,0.270602955304998,0.280984933754734,0.00186699611935899,0.374841594695575,0.00155094584345495,0.59060331749841,0.383107684471899,0.010847750460223,0.0377913127804203
RI24-1394,DartmouthID_AS-060325-169,0.0620534193041808,0.0158725470621121,36.7057833630679,0.0692341581050453,3.46962792149588,6.46338085041334,0.00553497538584491,13.7029915678632,0.0283071372725236,4.34340687408588,5.48321185202562,0.160173993043414,-0.000701976405054676
RI24-1394,DartmouthID_AS-061025-131,0.0747973032113041,0.00319222374352009,1.89247566730633,0.0196337280793854,0.360054836615376,0.269522621249631,0.00479463855000376,0.294373394835373,0.00520728610346949,0.583768146162514,1.49599319159371,0.0107464612429605,0.0367258875590657
RI24-1395,DartmouthID_AS-061025-154,0.0788307581533189,0.00294950397568761,2.06625880520039,0.0285410924582365,0.208854337043996,0.281069493400415,0.00448270193286724,0.361033438675761,0.000757310024891811,0.589349213277745,0.379470656059127,0.0107967175302317,0.0366935149166929
RI24-1396,DartmouthID_AS-061025-130,0.0774580440090744,0.00342233009320294,1.79551960441032,0.0253488897382159,0.342963248029147,0.261433271489386,0.00494268216662997,0.293428247594178,0.00707672188622193,0.572140891557525,1.29459511214834,0.0101016335707127,0.0340048531034001
RI24-1397,DartmouthID_AS-061025-161,0.10644694382042,0.0048306211823007,3.61992878302081,0.0411139199520142,0.353610168834343,0.536061785191408,0.00502868894657672,0.714637697178002,0.00380773836818018,1.12081851485754,0.674332858845945,0.0205787285905617,0.0369515725064353
RI24-1398,DartmouthID_AS-061025-137,0.0807763173023066,0.00285046468528981,1.68870399087099,0.0242667149258554,0.409492958974145,0.247813635227905,0.00259911479884893,0.305970489902399,0.00290414048995942,0.538916577057985,1.07786773720497,0.00963022287829655,0.0347245445850936
RI24-1399,DartmouthID_AS-061025-151,0.0977533983696291,0.00359746280237152,2.35993949545767,0.0273303411164611,0.333468852639778,0.355096298692382,0.00742006074281706,0.456743621865489,0.00233644067238358,0.75950950257835,0.475653472119659,0.0135762844411645,0.0394094211327752
RI24-1400,DartmouthID_AS-061025-138,0.0699956949537437,0.00271042064451596,1.84377910111625,0.0247990768304076,0.405497320249711,0.258553969572527,0.01091447683443,0.344603216016153,0.00320327487997488,0.539980048594876,1.10013992097117,0.0103215862946442,0.0626796237757599
RI24-1401,DartmouthID_AS-061025-160,0.0766930961209541,0.00245932472993529,1.83879185222912,0.0295628634190779,0.288649840020449,0.26294997821404,0.00360939163319207,0.356735167631894,0.00065825849248593,0.573430255356442,0.340740041998684,0.0108232126823087,0.0368123011670564
RI24-1402,DartmouthID_AS-061025-134,0.0943568573572721,0.00282733916399196,1.62105997006086,0.0274185354864689,0.344924399350985,0.226550043489976,0.00422411117588459,0.292551337566303,0.00253211804586495,0.514225058346426,1.01244647773746,0.00981835179653559,0.0364412912070244
RI24-1403,DartmouthID_AS-061025-135,0.0876935739882161,0.00218100442546858,1.58220943441674,0.0241271819316102,0.236425944135994,0.227509530870494,0.00430242115547975,0.294003960635821,0.00130309251355627,0.500184425306775,1.10028747697161,0.00936451937752256,0.0346103877252556
RI24-1404,DartmouthID_AS-061025-148,0.0768179325411111,0.00323233620478918,2.25502372306717,0.0242086309615142,0.395864560482703,0.318921623280248,0.00637331765885419,0.439892581808714,0.00262975553406588,0.68552650145623,0.368170442671328,0.0128528854660993,0.0389206886674883
RI24-1405,DartmouthID_AS-061025-144,0.0808656277559676,0.00265729020129941,1.80394457709094,0.0213204478416856,0.314507961394322,0.260921544845798,0.00610701542087029,0.360280687821441,0.00033329840986101,0.571117602329808,1.37078828224586,0.0105463278398224,0.0353322519718659
RI24-1407,DartmouthID_AS-061025-133,0.0686144202471756,0.0031649697576179,1.95159606431893,0.0177384500949655,0.357929596555975,0.280912789094364,0.00837860538790991,0.34056955078177,0.00574825909658936,0.608612881262846,1.64090503407622,0.0113990711548945,0.0363993895791501
RI24-1408,DartmouthID_AS-060325-167,0.0663520161748478,0.00282988275133039,2.28457530132762,0.026471218434257,0.0844661990090194,0.328185115726614,0.00954434089614733,0.502643532658844,0.00273588481360417,0.656685531281117,2.07463250888432,0.0125992541472159,0.0136666295584406
RI24-1409,DartmouthID_AS-060325-168,0.057130924869095,0.00254026514503049,2.25062372407416,0.0276457776783673,0.117495854496422,0.317001528071756,0.00928161075882911,0.393757533412695,0.00377605355833099,0.673379516079956,1.96361856927774,0.0124974355043878,0.0055769484315503
RI24-1410,DartmouthID_AS-060325-206,0.0495333567885878,0.00217105108144094,2.30574052622543,0.024499911652664,6.32509707609426,0.321366929197552,0.00989056553569536,0.379959688552314,0.00093878653414335,0.697806642498056,1.9077543485968,0.0129110928059504,0.00338618239342246
RI24-1411,DartmouthID_AS-060325-205,0.0135534395860428,0.0151443755531104,41.1289967308976,0.0451627246817397,2.58393060343014,7.70166989951656,0.0367619497752374,20.2961769254978,0.0355282920737053,5.46730329024485,5.3571778345676,0.185374172020883,0.00303863128358319
RI24-1415,DartmouthID_AS-061025-157,0.00961982420747048,0.00294917971097979,4.70277981917326,0.00612984935967157,1.70404439561823,2.35433564653784,0.00165521559182886,11.812029731631,0.0339328508209458,0.312199161807893,1.4172924153914,0.0257779149491529,0.150548781570325
RI24-1417,DartmouthID_AS-061025-159,0.009286321725069,0.00719486809305586,10.5272144987431,0.0110533640451155,3.82262123793148,10.9752974071741,0.00772343449733594,8.3939332885478,0.0572067676038611,0.819163953291818,2.93561810180913,0.0756159820645211,0.214752077607589
RI24-1418,DartmouthID_AS-061025-146,0.00934018892490476,0.00267572595719246,6.4216020367105,0.00557284645225069,1.10210458718038,2.0553962205514,0.00294866746799941,2.11030481776085,0.0161624150683374,0.366351292220491,1.60541992643776,0.0288768722897383,0.143110948700473
RI24-1419,DartmouthID_AS-061025-152,0.456166801535497,0.0110697588532729,1.49180709707671,0.0541854801088563,0.572828264720966,0.2685030063957,0.0122652189596925,0.356769166134891,0.0277393435542943,0.81234649316421,1.27161193295264,0.0133558954313582,0.116163639862738
RI24-1420,DartmouthID_AS-061025-162,0.736171147470417,0.00906824914911025,0.858941566800132,0.216255741046689,0.278540049787593,0.310526288452836,0.0100404181948112,0.361980813179073,0.00703147233780901,0.682493684399541,1.06242959457586,0.00609759572859257,0.443365587890954
RI24-1421,DartmouthID_AS-061025-156,0.00930512499697496,0.00197741265658853,0.469660576142243,0.00361234834171326,0.274553333050017,0.0691221846133769,0.00809390935084213,0.347504942863083,0.0156683663230229,0.21775324654557,0.0113744674980154,0.00190579726799509,0.427535219809367
RI24-1422,DartmouthID_AS-061025-155,0.00338682797991888,-6.28615798278491E-05,0.177868934271168,0.00156834538545847,0.140769063967067,0.0129490201691071,0.000207892335768953,0.973774901411688,-0.000953428139615512,0.0592968715344052,-0.00443096454296492,0.000115265743619405,0.0407648970501766
RI24-1423,DartmouthID_AS-061025-153,0.00652006442927055,0.00443250219559767,0.813715006281711,0.00512402794694025,0.297722951456968,0.0674374512182603,0.00272498092111021,1.37172775010889,0.00807611443827782,0.196526822616618,0.0158332366278157,0.00164102649021927,0.0506362442288233
