Sample ID,ICPOES-notes-MED,Al_mg_L,Ba_mg_L,Ca_mg_L,Fe_mg_L,K_mg_L,Mg_mg_L,Mn_mg_L,Na_mg_L,P_mg_L,S_mg_L,Si_mg_L,Sr_mg_L,Zn_mg_L
RI25-1001,AS-061025-001,0.0084813120576724,0.0404967946262349,61.7538883215326,0.0466860309182148,4.3598248629028,17.8337231970056,0.12084345512982,639.791978910096,0.042445148796202,8.01128187634236,6.82959749454639,0.275829473644338,0.0111037605625891
RI25-1004,AS-061025-002,0.00466902909415621,0.0248055749424893,37.1959586147011,0.0290078188825495,4.14187046628259,17.5149720903207,0.0586635832732845,554.263622684027,0.0274000422755016,7.39807167696512,6.81881712139189,0.223650493828293,0.00678483027369022
RI25-1007,AS-061025-003,0.00694900145287431,0.044194454540589,60.4707462672575,0.0404022809135643,4.81571260906495,17.1107247306016,0.143683463656691,773.13700576047,0.0426398744273803,8.58915738557787,6.56722531549508,0.272088822503595,0.0229625177688722
RI25-1010,AS-061025-004,0.0152877976234755,0.0252220386673169,35.3361216611321,0.0407953196211524,3.19296076067641,12.3558642176126,0.0683358191827362,301.614506435845,0.0308072335701893,5.25216264479206,5.15749284178063,0.16616470785125,0.0315614800904542
RI25-1011,AS-061025-005,0.0121306629955101,0.0300292970824706,30.6650685625433,0.0554197389623728,3.60201800907877,9.10139995426068,0.0925508695282801,151.354671195982,0.0428192144109874,3.56624212182308,4.37241766845611,0.122542121884955,0.0258504953173663
RI25-1019,AS-061025-006,0.0350728992932442,0.01608167826827,30.046698685556,0.126698588146467,3.90213864150346,9.24888931935303,0.0637926101790694,68.6988251872306,0.0441424816199761,4.76316690126988,5.54029450716955,0.115551873409763,0.0180472797477962
RI25-1021,AS-061025-007,0.0244856002210615,0.0187455011661208,39.1459240371241,0.11467630504117,3.76221597380372,12.7817923214079,0.0662226972759199,103.30980311195,0.0387314589810484,6.44630776137857,6.28017779291538,0.15425555285121,0.00677658769321211
RI25-1024,AS-061025-008,0.00499358591908169,0.0299336586372625,53.3375364360996,0.0289517148317326,5.10841599592472,17.5280138216697,0.176125770650172,283.934919983705,0.0294757791606969,8.02642054593033,7.57392715441272,0.235019575872478,0.214101500810197
RI25-1030,AS-061025-009,0.00955816828964916,0.0187602927775057,35.4309992613574,0.0334674142153907,3.40271508035276,14.4357760253796,0.0636816506573585,169.346842140011,0.0231323177947707,6.29798861045839,6.51510660457787,0.156150108583438,0.0140231680713789
RI25-1031,AS-061025-010,0.0194882353018257,0.00263346439536283,4.17096652404853,0.0227861923018845,0.22135954952634,0.61462181260168,0.00618375789832626,0.768364021910876,0.00723693970987529,1.14302160752592,4.07822848733765,0.0251869309415361,0.0159902771599385
RI25-1033,AS-061025-011,0.0104884810746512,0.0198865760694454,53.1888916630217,0.0521556625622279,3.40306170328707,10.4075552890786,0.0667871118135,22.9455859683735,0.0336988133128507,8.73665802128005,7.13254710558054,0.259503540703184,0.0283190005295499
RI25-1037,AS-061025-012,0.0169368206205094,0.0216818979657739,46.8726152959824,0.0805422090063019,7.98075040372023,9.70619359934273,0.0491383987860295,21.0190054025551,0.255235402388361,8.3638820790843,6.5449123443751,0.218193040077121,0.0216376516977907
RI25-1043,AS-061025-013,0.0442511619769384,0.0030458213400952,3.02654865633611,0.0321427392495102,0.191750914761463,0.458382795229493,0.00841975794743414,0.517649241415519,0.00625995821175412,0.841589286458895,3.01551004475672,0.0174072086856622,0.0475016794663341
RI25-1063,AS-061025-014,0.109381510506663,0.00338781721052593,1.87430536537474,0.0775551692697198,0.44217001289688,0.284232805388596,0.0177487088897157,0.363654803454468,0.0224364956249886,0.561918017095589,1.90715395818112,0.0125691060462705,0.0114177274448686
RI25-1066,AS-061025-015,0.100409853804241,0.00364930248451628,2.10238524397886,0.0617485639864288,0.450439077687645,0.340205086521091,0.0142803091910668,0.383836617137969,0.00762029260026605,0.635572031435565,2.25815460457873,0.0128862133586331,0.0154434816724768
RI25-1068,AS-061025-016,0.0322110738893765,0.0225222664671469,38.2583672568171,0.0928160172076454,10.0650742220242,8.00027819819626,0.0515133149386092,17.9376435915578,0.291017137228396,7.14464945487833,5.90413753728699,0.172950327820829,0.0168277001818537
RI25-1072,AS-061025-017,0.0730089364495449,0.0206011883159924,29.4812389366373,0.188147785793283,10.010223452599,5.80241256657063,0.110398544380557,12.7667766294941,0.230387907768659,5.31041899194917,5.12454595585966,0.125720786397539,0.00532200764387134
RI25-1076,AS-061025-018,0.0337098243895724,0.0195929322675456,33.9249351391519,0.116506904641901,6.2480793012526,6.15967986082212,0.0604837238384027,12.6672605828189,0.131780480913914,6.34608554246141,5.87308798108956,0.146969380669101,0.00521449437155609
RI25-1077,AS-061025-019,0.0264119146821939,0.0211290307270727,45.2704809425351,0.122090935405888,4.4884432982344,8.02398520534142,0.0568106971891807,15.8869656842365,0.0693711699036979,8.38115671818207,7.07754307302086,0.203147708888939,0.00460966533318214
RI25-1078,AS-061025-020,0.0279243626064264,0.0238975737231687,46.0519772891585,0.0888583265599649,3.08575358762281,14.7950570587495,0.0739567954794208,165.906583931073,0.0300445023103091,6.30585903803789,6.66104375076615,0.190784673542567,0.00458593674967427
RI25-1082,AS-061025-021,0.0169323402503934,0.0246353706604701,48.0671084914151,0.0534601212082995,4.07830590081285,16.4557425624611,0.0858666155874733,175.71785290631,0.032453595208441,7.05086486206825,6.20869929967425,0.202021203759903,0.177302577579472
RI25-1088,AS-061025-022,0.00656443130872242,0.0214938764276427,40.1108240744967,0.0271018607379653,3.04894464034306,15.7480876667399,0.0642906252879564,166.168894170483,0.0296390918344714,6.68853165824213,5.75370248155824,0.17471725501592,0.000655271390644836
RI25-1089,AS-061025-023,0.0318723844658618,0.00415882146210153,3.27186310986956,0.0218658596475238,0.336380175047156,0.464174615836895,0.00317627614501882,0.562425773477991,0.0038478558945834,0.869466329806975,3.11049694825553,0.0183246015701001,0.0640454102745146
RI25-1092,AS-061025-024,0.0191598776880189,0.00369488058544713,3.65879334662664,0.0195938071114606,0.266980703344329,0.550942376787107,0.00177968198134751,0.684118630012769,0.00388147538238974,1.03284371635259,3.8246460746537,0.0213885413673585,0.0142607239572642
RI25-1096,AS-061025-025,0.0877333110446754,0.00340140986286658,1.99367100744553,0.0395077810950433,0.213233329214938,0.292337451905946,0.00461208548796405,0.375057285625518,0.00346721502725536,0.60895522913971,2.01964500523811,0.0124220726525519,0.00771613191227981
RI25-1100,AS-061025-026,0.0511288144801862,0.00266886235586202,2.41074513070011,0.0233122227315044,0.164585768698625,0.362609778404873,0.00274958327312697,0.422399480148748,0.00230375728303318,0.727153835243808,2.67902177335261,0.0142746943429805,0.00269490012612423
RI25-1104,AS-061025-027,0.0359541982363896,0.00325432508154496,3.04718211433691,0.0255387639441542,0.184130716190971,0.447002014292828,0.00436340997116604,0.505419669776665,0.00701995077797487,0.835743972882511,2.72283499131564,0.0180237696416292,0.000801341990886017
RI25-1108,AS-061025-028,0.0267419278078994,0.00298186565206689,3.91189303396633,0.0238099863589923,0.169308915863699,0.520631575437548,0.00725746214394617,0.555774409038569,0.00186349056783941,0.944642397254108,3.12059195677353,0.0223420203248082,0.00158195814447604
RI25-1109,AS-061025-029,0.00665658979483439,0.0299616326728005,55.4347035381111,0.0118693726109697,3.22948502841281,17.5123092232937,0.178426551059082,221.722281566804,0.0351463076121462,7.76991371722743,8.08038343275131,0.244557802849846,0.0184149910469105
RI25-1110,AS-061025-030,0.00656415255024554,0.0245098603886824,57.8103283209994,0.0179110127698245,3.23519431286504,11.8028895283741,0.035389203283852,55.5407828111041,0.0316227191874852,9.13284240712454,8.49867497622398,0.268574211597268,0.00455393276208598
RI25-1111,AS-061025-031,0.0126674720900835,0.00398391680023782,4.03730185244424,0.00763766204626096,0.218635949190643,0.60244190923028,0.00166633848194326,0.717976300296246,0.00251284009157953,1.15697566815387,4.09138987053165,0.0237166572146709,0.0571509565142312
RI25-1112,AS-061025-032,0.00844264487573014,0.00163792794458651,2.08239530002949,0.00853460944741011,0.555337896010912,0.672854084978792,0.00180540599885247,2.79161428014061,0.0589185094617445,0.319000171215353,1.61513276249999,0.010086773231093,0.0164660508676089
RI25-1113,AS-061025-033,0.0512764698798423,0.00505672073244975,5.76867796640229,0.0227123197248299,1.51046674993606,3.00894347882435,0.0115599926884761,12.6357123601275,0.35263866327542,1.19393749814484,5.79073167133884,0.0310008930696641,0.0388084230920984
RI25-1114,AS-061025-034,0.00243564749107548,0.00560893104069362,2.45004057491752,0.00334840074051223,0.215217200596977,0.424255990289439,0.00562843305624233,5.24864115602864,0.00784411095930328,0.450737028629754,0.467011065768259,0.00628093725003496,0.0160707268317587
RI25-1115,AS-061025-035,0.34351025154112,0.00424617495108219,0.311310064011197,0.0961438679861533,0.124891453142565,0.117381357762017,0.00165159703684786,0.127532164929982,0.00974262487403809,0.196826480405888,2.69107565167914,0.0024868839629022,0.017911759130375
RI25-1116,AS-061025-036,0.0354620646286075,0.0237414790824847,37.3338544826754,0.0257509398792981,0.528292767436512,4.97139774042044,0.00129786418945121,7.57597930699061,0.0951889752521298,15.696387208996,14.5822070208133,0.150206218490675,0.0134657431547053
RI25-1117,AS-061025-037,0.18370745876058,0.0107134878633691,7.62754182284029,0.163375547446333,1.48295451693214,1.4498504476483,0.00239778798685039,2.07107551894728,0.110365626784113,2.56488469012499,8.52293418302902,0.0401657668107341,0.0137187466824647
RI25-1122,AS-061025-038,0.104292274312715,0.0136803810290885,10.802080260442,0.189389551039068,2.10493155229986,2.2993039327885,0.0191114029293714,18.6876928930546,0.22843290142136,3.376826628973,7.89434743421026,0.0501513950053542,0.0616053772076994
RI25-1123,AS-061025-039,0.302230173900663,0.005087494871497,0.482012395003098,0.0942685608067847,0.400441140326505,0.114725286867467,0.00297309141363024,0.201120747249083,0.0105717148314338,0.230593321458091,2.37217692140535,0.00260587773045979,0.902381504079543
RI25-1124,AS-061025-040,0.0236952447995943,0.0237286878617453,37.4072599917519,0.0185475320278764,0.680912078855531,4.96384853356119,0.00227976032684713,7.18588163926732,0.0584645100820437,15.7769320818403,14.8139957762255,0.151496211928396,0.0298922816318826
RI25-1125,AS-061025-041,0.107948966158962,0.00818292520149122,13.0712436822085,0.0987472072965153,9.55718890005296,2.61499526690342,0.0148500470985387,0.452485822021034,1.40358265684637,1.06303871011562,4.80781440303856,0.0300979487763582,0.0598189309859664
RI25-1126,AS-061025-042,0.0187019697445046,0.00396236276603946,4.25853407849128,0.0156627154284537,0.315981964013072,0.633652646520205,0.00289724131701453,0.631484268724815,0.00500147220536555,1.1490498112041,4.14724129717971,0.0257187995074795,0.0185145677339779
RI25-1127,AS-061025-043,0.00342966577675587,0.00230124551001212,0.598009336370448,0.00483104829231974,0.492079488951174,0.0775429067471117,0.00199535866114255,0.859497027411647,0.0195512771904986,0.118865588602393,0.237596332069776,0.00122545341110423,0.0168399428814549
RI25-1128,AS-061025-044,0.0038193952825426,0.00195254259403879,0.163077771836281,0.00900568542591043,0.151347131228407,0.0274486027749156,0.00583303361948458,0.127284254568504,0.00484396512069695,0.130427970888621,0.111223546018091,0.00063834266169749,0.0101692750614954
RI25-1129,AS-061025-045,0.00381909897945935,0.00153551626137868,0.391985968776842,0.00443729342549315,0.538725712614256,0.0939338318174954,0.00177805035234127,0.231900390743295,0.0373200082462041,0.109219412322255,0.122360772249421,0.00108830248818947,0.00669413512197709
RI25-1130,AS-061025-046,0.00355966107608272,0.00114121606334361,0.199072456993824,0.0050833171060747,0.210561964393195,0.0434694687978112,0.0190844100867291,0.352082325612979,-0.000390480116683708,0.0752870954599775,0.155664367719319,0.000807515251855864,0.00895141099743595
RI25-1131,AS-061025-047,0.00355464963744643,0.0318861255702216,49.6695598109063,0.0302096076440408,4.90910174028173,17.8051014117079,0.210027426162091,372.548856770657,0.028294025235832,8.16089010264603,7.97578375777844,0.253532325272266,0.244208511148268
RI25-1132,AS-061025-048,0.020419926475139,0.00443323934342439,4.98714756177296,0.0213735545121297,9.44596948773602,1.20607330720948,0.00376834503503844,3.89027238814901,0.516221778479183,0.579027796674627,0.695155027837233,0.0140370688651896,0.230574939764419
RI25-1133,AS-061025-049,0.00257498526867564,0.000406016015686306,2.14314368066845,0.00197609421165791,0.543924483790156,0.705251076812835,0.00500263885252183,10.3653520428217,0.0904386350627342,0.323447062157401,0.812398171475216,0.00818626276091756,0.0527958007589164
RI25-1134,AS-061025-050,0.0282400263167321,0.0425733450517471,65.3114561139992,0.0197929485308411,3.97807574007635,17.9797875610379,0.309162113892505,406.40967794184,0.0324333376224699,8.79344576643723,8.39462325904326,0.299075802672772,0.0701611668395652
RI25-1138,AS-061025-051,0.0284138345997545,0.0610137892336081,66.2545398054506,0.0237267728308863,5.01449785393361,17.514311956541,0.309017695348719,1039.46541844184,0.0302697397084505,11.8472851394291,7.17789922440731,0.328013310610636,0.0762882951246789
RI25-1143,AS-061025-052,0.00826607026632171,0.0447450189603302,57.2384815805902,0.125184887150599,4.45379210078714,17.201125704565,0.32478942000585,548.562659465729,0.041011066760614,8.09349415128609,6.28269145348297,0.261084291273469,0.0313157929669958
RI25-1144,AS-061025-053,0.0148000330177501,0.0034743442264724,4.4706442019486,0.0223348611801677,0.489301244349291,0.662739560521557,0.0162244210567755,1.10976894768278,0.00574810324995588,1.25233930782224,4.15764902521664,0.027026621154787,0.0139455333924194
RI25-1148,AS-061025-054,0.0139428222738531,0.00319931192744065,4.51198236488428,0.00847864013713091,0.20392156240033,0.665498736873467,0.00215907987956902,0.921552427436366,0.00538669400289612,1.24518014781601,4.18327177111569,0.027391097129379,0.011599380254694
RI25-1149,AS-061025-055,0.0126979744714284,0.0170906398524396,40.8953117300151,0.0875254301175799,4.17159436818663,9.2236175997607,0.0588404660565247,26.4269536398205,0.0374293255227123,8.43142560007537,7.13615163136324,0.199270774511479,0.234192078603535
RI25-1151,AS-061025-056,0.0693744565365894,0.00272184401299088,2.54275526707757,0.0291297552433859,0.530962993966881,0.3913885596534,0.0141755239319321,0.655409673279926,0.00419118517613633,0.734665691133105,1.44588175964572,0.0161157479191312,0.075775210720443
RI25-1154,AS-061025-057,0.0211181294227477,0.00423627116409271,5.15486718299593,0.024815899698318,0.657670189139642,0.748737945300011,0.00474581731661698,1.00335589869089,0.00525483648217368,1.37154819201473,2.33767229552952,0.0321221367559892,0.0704550531053906
RI25-1158,AS-061025-058,0.0625369176022393,0.00245584429242882,2.01043164771375,0.0243878075649715,0.511330207362226,0.297314919926725,0.00669704591127356,0.489570066041621,0.00498440344453433,0.570954356134975,1.37230130469415,0.0127554761086975,0.0663355319904094
RI25-1168,AS-061025-059,0.024042591645148,0.0134801504169022,22.7230507039778,0.0855215765193311,3.04769237971169,4.76745850549812,0.0322520444308399,11.455316419064,0.0610336297686517,4.0627270698082,4.19406338255835,0.10294724585951,0.0227208501391124
RI25-1169,AS-061025-060,0.0396520608502783,0.00395763384330841,2.9945534820503,0.0223937033927976,0.174946332761842,0.42667979130245,0.00499551493048242,0.559676595482497,0.00462015731013046,0.830056480899233,2.75155136525744,0.0186130309381133,0.00848954079798096
RI25-1171,AS-061025-061,0.0427416878569778,0.00281585674113898,2.78787355152407,0.0275748044421634,1.73687359472542,0.390129204695903,0.00604982079856678,0.957928916071342,0.00967740129015534,0.842515790301798,2.45161268043986,0.0173000528727916,0.341209450417935
RI25-1172,AS-061025-062,0.0271495793132488,0.00240651387666114,2.88512559989707,0.021648977165031,0.913972418980111,0.434474920561261,0.00452012325210481,0.647572314686508,0.00956050395732392,0.83979095782918,1.99968721266895,0.0171870084542289,0.152736043343338
RI25-1181,AS-061025-063,0.00553778064587499,0.0478915594239327,71.1426591625559,0.0410559638859827,4.16628662716169,23.7106117202646,0.345541010312075,446.472695181056,0.0434949232970824,8.55850597671221,8.05798569874238,0.320004419536244,0.0454222438598574
RI25-1182,AS-061025-064,0.00849100273586233,0.0188363746139602,43.122176484814,0.0751811444293779,3.3404119502001,9.03838043145902,0.066302171333648,27.241451298527,0.0488875367958694,8.20691972213249,7.14900575892086,0.207195348769798,0.0162875035399794
RI25-1183,AS-061025-065,0.0139129260871779,0.0034023637081787,4.35130449918243,0.00909210317677104,0.182053032927269,0.638458896858886,0.00260954866761826,0.778910015187182,0.0197199635885132,1.21711379744092,3.84485177440072,0.0267067794038097,0.00414684269201753
RI25-1184,AS-061025-066,0.0108761570753064,0.0443952254992548,67.4210620868038,0.0532336731789167,5.13240317665123,23.186640015031,0.328119007702879,436.931737049,0.041899200520751,8.46639678339049,7.60800786589501,0.303894754147608,0.22565993623335
RI25-1189,AS-061025-067,0.0125648379237759,0.0485109490070274,63.4363952844227,0.0420218476443939,4.94898136549881,21.5609401929327,0.331419100861207,522.925351820843,0.039700990198476,9.38161110043533,6.79481220572083,0.314082033947134,0.224724650398185
RI25-1194,AS-061025-068,0.0219519571551464,0.0199751309552987,25.8001539057531,0.149174433136655,3.36958912100208,8.79079885223306,0.19204269062174,143.042059715607,0.055511270593935,3.45298046899028,3.74460100559478,0.112101441593841,0.00308448666660934
RI25-1198,AS-061025-069,0.0212675466076864,0.0127990104342547,22.1717394745123,0.084267565605893,3.58018801648071,4.42333710608337,0.0409755543589327,11.0234807351383,0.0993085422801685,4.09870558356429,4.20500855103409,0.0987139555244346,0.00184045621217522
RI25-1199,AS-061025-070,0.00836647017034579,0.0218959301909526,29.234890909415,0.10945939253627,3.4595675911843,11.1155757504709,0.13107564812756,172.144678392232,0.041477203580401,4.34813758820915,4.2433774172377,0.132338357737324,0.0033564431857771
RI25-1200,AS-061025-071,0.00225136177214814,0.000912215680279963,1.88573587045601,0.00330615605200902,0.29920542380775,0.679363463978907,0.00528586413090034,2.72599185143812,0.0481668231898921,0.182541757523821,1.14221824890617,0.00745603269807833,0.00716739312264905
RI25-1201,AS-061025-072,0.0237250506291488,0.00425766896096124,3.52538032653245,0.0143214772341799,0.232424167727597,0.539838072406454,0.00227719544672884,0.689185927757119,0.0061969266760085,0.982613097157009,3.18142354274354,0.0206199409042248,0.0527793702765137
RI25-1202,AS-061025-073,0.0125072861337549,0.0143519988174014,31.9659786759245,0.0707585014398432,2.46520355536095,6.69177416765634,0.0222491754026907,15.7886781306764,0.0289039370490945,6.27239148914198,5.9094021166089,0.154495896206869,0.0176956296121753
RI25-1203,AS-061025-074,0.0118766767467586,0.0297109490064784,44.153575828676,0.040223519908126,3.19077377625683,16.4485849578003,0.138145730315142,225.602905478857,0.0313275186188668,6.02051757733667,5.93063558890429,0.200117214257795,0.0062868715789778
RI25-1204,AS-061025-075,0.0906798492881958,0.00300532625832344,1.88946851031852,0.0256773452077715,0.158398085567683,0.282978656879348,0.00781991087083223,0.552280822453907,0.00627349133681253,0.549582624431163,1.86561804560664,0.0119986594289822,0.00552823952512118
RI25-1205,AS-061025-076,0.0282961874684533,0.0149032779418359,25.038428529165,0.0839476790904132,3.40525971544648,5.40717831288022,0.0296294350083492,12.68346731078,0.0487442788118446,4.83970788083277,4.74301663890943,0.116951615680244,0.00407805925721701
RI25-1206,AS-061025-077,0.104304335542604,0.00300761269633614,1.86872442345225,0.0283963036145458,0.517308788875027,0.277360642379706,0.00614188532514731,0.492883692057645,0.00616753437033038,0.566775616110288,2.13743252189181,0.011873552245435,0.0759773240667166
RI25-1210,AS-061025-078,0.0606319109211144,0.00290619085976893,2.58624214664344,0.0227502589221641,0.429735392708427,0.379708822500472,0.0138953007603043,0.559257175881316,0.00362824611439803,0.761558265919885,2.75914551476054,0.0157140504798523,0.0725108049078228
RI25-1214,AS-061025-079,0.0997649504729936,0.00296351261869099,1.86335878788129,0.0202660462142286,0.500292543548238,0.270973656692082,0.00460385303988679,0.442903062305972,0.00596487676232828,0.569095171963901,2.10339792229402,0.0113778923012058,0.0679377155765362
RI25-1215,AS-061025-080,0.0264419937139355,0.00362052536197555,3.83652960856689,0.0188228490055357,0.503608942675776,0.55573110098786,0.00626132005973376,0.731728153347378,0.00347172620051953,1.14895548549161,3.11463922238103,0.0233038528736529,0.120820655210148
RI25-1216,AS-061025-081,0.0244247177249534,0.00360763538444263,3.64333866216179,0.0141448718455678,0.488606750076906,0.531480110897974,0.0109623865585995,0.682835057039442,0.00483744414333781,1.04299337245987,2.99340882654308,0.0218605883486798,0.124805338062598
RI25-1217,AS-061025-082,0.0251385465197418,0.0041458064119724,4.25872441464394,0.0254581871476977,0.535012199188376,0.629207733571181,0.0310071155585199,0.804403894543082,0.00444778529791844,1.17434862293184,3.26970838836472,0.0262623091149711,0.0709904355306429
RI25-1218,AS-061025-083,0.0453110971537579,0.00190823543618927,0.905585694640973,0.0172491458773217,0.426513256805733,0.130727363299819,0.00329433695049749,0.209071350631324,0.00365511380222351,0.285676550438144,0.705524931342878,0.00607417643968606,0.0677554940662352
RI25-1219,AS-061025-084,0.0527768453165105,0.00337109906653165,2.82272012981563,0.0176125230082877,0.760601568906782,0.416704575925193,0.00539969368868396,0.592885086673704,0.00780611233518487,0.837248836628558,2.12887255350338,0.0170905455655273,0.0692083116823287
RI25-1220,AS-061025-085,0.0308535395517281,0.00404049486275996,3.0692531680387,0.0129507767931827,0.446848372644924,0.461263531387287,0.00454028250547492,0.59971711758944,0.00708800415454486,0.895602254173808,1.99692854571169,0.0182520856095621,0.067801905670444
RI25-1221,AS-061025-086,0.0448002467931671,0.00185509196176546,1.2648148961469,0.0180287041223276,0.41475616333193,0.172456750525717,0.00361444573973631,0.291334796550104,0.00419148493471559,0.400188091847113,1.14813600872724,0.00808298295749757,0.0658388023903313
RI25-1226,AS-061025-087,0.00712561628517325,0.027144797874997,44.9356760397765,0.0927488980082975,2.548208669889,15.2979889315258,0.19181121987292,209.239377376469,0.0354932990736835,6.10158626886811,5.70857162982107,0.194801645960583,0.0180124594287082
RI25-1227,AS-061025-088,0.018329827298502,0.000855406743498412,1.05126461350751,0.00986353109718576,0.594047623044881,0.294648750317538,0.0140500260465246,0.906987291608009,0.0120155874002578,0.300303855810626,0.1981908582859,0.00558406681269275,0.0509245017605753
RI25-1228,AS-061025-089,0.0121497666038943,0.00234578944415812,1.1216511729118,0.0106527241176964,0.750696603622076,0.277737044107506,0.0100103480278188,0.723701940358386,0.0344458136771672,0.137375946609836,0.186822453494061,0.00498075380784143,0.0269275473725334
RI25-1229,AS-061025-090,0.00711691697618258,0.000854701194621426,0.405398585281557,0.00742446436457894,0.487547030439495,0.116653337932215,0.00910867096249154,0.337633722564304,0.0145816444168773,0.141262966888262,0.173011848006445,0.00232251130285452,0.0165948878584498
RI25-1230,AS-061025-091,0.0169517455685153,0.00228449610577455,1.27565818036987,0.0144955578055677,0.755043635361557,0.468033026260817,0.0071920655388572,0.924824089584703,0.023840136837084,0.081996201329727,0.368928661744995,0.00728218401873735,0.00388178671059995
RI25-1232,AS-061025-092,0.0299034168592539,0.00319347171890096,3.18070524870376,0.0534736682248434,0.179043618906967,0.476053793260232,0.00582346827466956,0.56975649904155,0.0069797221877421,0.905218543684765,3.11022823668501,0.0199623059604306,0.00317790471642566
RI25-1238,AS-061025-093,0.0525108057021434,0.00210970070622773,2.01002773741847,0.032086941665418,0.116138323020737,0.277173921297911,0.00920796039382467,0.373959133498145,0.00458394677581764,0.573681073423413,1.81594946518661,0.0132839140662846,0.00312007840793117
RI25-1245,AS-061025-094,0.0148240869523592,0.0153335819372121,28.79254385396,0.0462708967840033,2.3198831715291,6.0264762357121,0.00197809695027658,13.4832624594098,0.0362180840134745,5.73528289492305,5.93336885469821,0.1395019613578,0.0078304832444535
RI25-1250,AS-061025-095,0.015521913093915,0.013799486158659,28.1846544121261,0.0453507342952041,2.80533286178506,5.70922608836162,0.00323316443887468,12.0726128753181,0.0336465758249266,5.22272121604563,5.44147857343051,0.129300656099922,0.00204382210711056
RI25-1261,AS-061025-096,0.00706678205763823,0.0284185101063078,49.5932098059491,0.051664466976574,2.34202599432851,14.3519690868186,0.0938628401645812,189.240438146443,0.0318097159808405,6.13721002638455,5.63482263172187,0.197129219891352,0.0462351428027325
RI25-1262,AS-061025-097,0.0177931068283098,0.0202904829352872,35.8786426072109,0.0632580741914537,4.29853166977444,7.35013036544509,0.0101272256491929,25.6217747331431,0.0511580587312288,6.42356200158581,5.82288267679657,0.159749038611293,0.0081483464655327
RI25-1265,AS-061025-098,0.0133578812787467,0.0290592868819556,50.4765321115148,0.0278382770332471,2.61754667960225,15.7074751276184,0.0125533073084137,215.753134300114,0.0318726473244017,6.24181892907996,6.09284622065931,0.216012474959098,0.0051498016337439
RI25-1269,AS-061025-099,0.0188226165481802,0.0250776415182679,44.106495279878,0.0443856118419439,2.29814884321897,13.7843774876906,0.00479383365708447,169.773540329855,0.027182348730683,5.09745026350595,5.82545225048238,0.18375461326689,0.00965312824390593
RI25-1273,AS-061025-100,0.00746187347183781,0.0246769582979236,43.6565385497056,0.0545616336407328,2.33301540181738,13.5201285169062,0.06605714763499,179.643274489474,0.0245414709981533,5.21821691610352,5.6859188438194,0.184865389699341,0.0291679269587239
RI25-1278,AS-061025-101,0.00976117379699609,0.0252231381485017,45.0198429337836,0.0831404463078281,2.31637050766984,14.0064454557126,0.0481346489147027,185.717257804978,0.0303893718731855,5.71041217794686,5.26367408890495,0.184660676729767,0.00660853815917441
RI25-1281,AS-061025-102,0.0057928440202968,0.0305552916205909,52.7342444036708,0.0423572469794294,2.64216990979449,17.5531925643971,0.0883771004791122,239.043566303302,0.0318154097128957,7.55734903384709,5.39985323339778,0.228480103869332,0.00721932426976796
RI25-1282,AS-061025-103,0.0147642474249661,0.0137586807909056,29.282699837962,0.0417459772322199,2.22017533642945,5.46444734201751,0.00117199129984649,13.2139756820314,0.0246896108381832,5.00725537330327,5.05331324079296,0.1329884290986,0.00326315826132694
RI25-1283,AS-061025-104,0.0116827715939919,0.017979117459887,38.0960197202654,0.0361622486246047,2.43856364441414,7.02105739713291,0.00123898909312297,17.3339491018183,0.0302538962866445,6.46086832415303,6.22888636021446,0.173180953069529,0.00257463102510991
RI25-1284,AS-061025-105,0.0101416253977062,0.0168806531892167,37.5891228917646,0.0384557183884101,2.20152477288636,6.97878648867797,0.00238548215732389,16.1255244227731,0.0250501843972445,6.40214366916121,6.20119032099373,0.173791700251461,0.00253208199817251
RI25-1285,AS-061025-106,0.0164963188468922,0.0158402430112792,27.9315818317438,0.0503330385832782,2.99758733307443,5.48562940203862,0.00106078790038679,12.6417062823417,0.0362700970418009,4.94566730877515,4.86737500769646,0.122845552563918,0.00313364270139758
RI25-1286,AS-061025-107,0.0196330946261334,0.00486661769432418,4.70371684514793,0.0263091477739987,6.24344686158433,1.22193633386238,0.00109618042975881,2.70910237928903,0.359538157366964,0.440284955614656,0.536106316371191,0.0137741117522103,0.0172401564022104
RI25-1287,AS-061025-108,0.00375981518444796,0.000894447681929985,1.94346669704879,0.00577691333573392,0.58941927607672,0.640358534165793,0.0035080847051434,2.11162396780117,0.0228083866500874,0.18069603184567,1.65398643420911,0.00999829701838458,0.0076269883562921
RI25-1288,AS-061025-109,0.0206062939539302,0.0206602268282388,37.3534551404776,0.0196978101604263,0.260458420965447,5.19866547645978,0.00306953631168197,7.4256838671046,0.0891658278457207,11.6386971004496,14.2149798291812,0.147434582450313,0.00756804502588918
RI25-1289,AS-061025-110,0.172333779991541,0.0124023605296914,8.8898938853751,0.160410675821434,0.920598577285501,1.73723820087858,0.00324330060419524,2.23317605208635,0.08662352501668,2.36938356664775,8.83032090153328,0.0460506709335277,0.0107114344017018
RI25-1290,AS-061025-111,0.0124078399611881,0.00380237977829916,4.40342620740259,0.00841292896883005,0.224145735051009,0.6530137109891,0.00202340223670264,0.768350455883591,0.00468919356001603,1.23729629692767,3.97862414233901,0.0274065378979662,0.00335403152802889
RI25-1291,AS-061025-112,0.0942448137531918,0.00350912334304812,1.95134825579415,0.0224274871772467,0.395074417233993,0.293058969887609,0.0044549333503965,0.475148885905257,0.0046169239481477,0.600018480310689,2.000723165981,0.0119003707554101,0.082862352819509
RI25-1292,AS-061025-113,0.093588474309083,0.00485721406055197,3.14013658271613,0.0320220009295653,0.467429760120666,0.471207110364776,0.00574925424176009,0.719531493455165,0.00616554043586469,0.918972549220196,3.33814684320299,0.019118217733893,0.0804857253964732
RI25-1293,AS-061025-114,0.0644699083255899,0.00304375388723522,2.41888024575619,0.0230678249659796,0.394209717030484,0.352260612590984,0.0053130059182342,0.516602721173062,0.00311425195892982,0.692812027820295,2.34979810088984,0.0144572967995788,0.0736650647984186
RI25-1294,AS-061025-115,0.0749199311247966,0.00372089559587413,3.52361582036159,0.0259986735960661,0.404990714088254,0.497442977602035,0.00623813847147959,0.746023998707565,0.00198389332263807,1.02592988940233,2.68477706753399,0.0220104138754022,0.0717240085945075
RI25-1295,AS-061025-116,0.0633550873024143,0.00303312915421426,2.98053298626599,0.0179829851225135,0.391087572417105,0.44494454973604,0.00462952005644673,0.587954956553395,0.000610052166981508,0.87315707507824,3.01415550142665,0.0180888685711239,0.0687777405372081
RI25-1297,AS-061025-117,0.0556685128569579,0.00442773514911573,4.50731382471392,0.0248608080471373,0.490395700675302,0.677374637154079,0.0117200570982872,0.892173004486074,0.00452452114832528,1.28623228816738,3.91094025683452,0.0272894059965774,0.0779223044916069
RI25-1299,AS-061025-118,0.038491685229599,0.00364451745680463,3.44400187875199,0.0188284111163121,0.457367450540307,0.51039964379979,0.0117015486449933,0.686147982617975,0.00340337901869905,1.01041413735434,3.03917653651704,0.0209291808985159,0.0709968599786044
RI25-1300,AS-061025-119,0.044089260350916,0.00468623746562889,4.48350305032789,0.0187977379654516,0.484997617747466,0.664435580605262,0.00840207298822813,0.899629477565935,0.00482365245231377,1.31278627736775,3.47223205924954,0.027427888471748,0.0663641760347823
RI25-1301,AS-061025-120,0.0249026085075288,0.00107734229196341,0.489042125094086,0.00502937642440899,0.812808715495903,0.133976670078496,0.0113563035296846,0.462552906224064,0.00933524595038969,0.163327994264156,0.295138241664404,0.00284666620889063,0.0805626222238855
RI25-1302,AS-061025-121,0.086891141007012,0.00310289598472152,1.9498361604264,0.0307232438526442,0.488010416953098,0.371243553529233,0.00548058264723594,0.467016592614648,0.00612835551815274,0.616222096664306,2.24345059673144,0.0124351378547052,0.0836434362805728
RI25-1303,AS-061025-122,0.0895911048904491,0.00338460199496713,2.1452086864722,0.0259028554674216,0.442013890044142,0.337350524701959,0.00411478574715689,0.489714481359362,0.00366733509225472,0.66121514600209,2.37398968305807,0.0130096217689325,0.0782373736519452
RI25-1304,AS-061025-123,0.0311498138740462,0.00132334586159525,0.426163773040128,0.00741479208426761,0.576386244088574,0.125219376272607,0.00519418819836939,0.278794139651271,0.00759261763191857,0.14814875974295,0.562828779261674,0.00257053551713089,0.0868963134996833
RI25-1305,AS-061025-124,0.366951883474271,0.00464363441547386,0.293645560855869,0.101765238034797,0.379094900792271,0.137331118412547,0.00189663216893012,0.270041434547446,0.0087073367186248,0.328974064642618,2.40766324470149,0.00256418083040988,0.0751039715822787
RI25-1306,AS-061025-125,0.575673840047998,0.00660493920718149,1.00858708701716,0.0467166633663416,0.455648037161756,0.182482552111723,0.0102993751928283,0.302194114131295,0.0171492849957877,0.622071542902076,4.07116792007254,0.00988636080961618,0.107306699010177
