Sample ID,Site,Date,Time,Type,Type2,Index-notes,d18O,dD,HCO3_mg_L,Cl_mg_L,SO4_mg_L,Si_mg_L,Na_mg_L,Mg_mg_L,Al_mg_L,K_mg_L,Ca_mg_L,Mn_mg_L,Fe_mg_L,ICP-notes
12253,PR Soapstone,10/28/2015,12:00:00 PM,Grab,Stream,MED added artificial times and type assignments,-14.98,-114.2,26.5092789360173,1.6089,2.0691,1.23018672915639,1.1037450855384,1.59136811796594,0.00947070889621557,0.303036100317583,5.54005908863907,0.00980285248290075,0.0427375349898935,Replaced any <DL limit values with NA
12254,PR Woodland,10/28/2015,36:00:00,Grab,Stream,MED added artificial times and type assignments,-15.4,-122.8,109.2,3.311,15.9377,4.08199529492997,2.80017308338478,7.13260856162557,0.00336152932626175,0.866217722357928,24.6668089986416,0.00617758132111949,0.0593983637194035,Replaced any <DL limit values with NA
12255,PR Hailstone,10/28/2015,60:00:00,Grab,Stream,MED added artificial times and type assignments,-15.79,-121.4,105.286414376321,6.7938,12.5783,5.36006944308025,4.65080198246918,6.69223925135614,0.00158116084064785,1.02305256904255,22.9872579139724,0.0237733992248409,0.0989714314432668,Replaced any <DL limit values with NA
12276,PR Soapstone,11/24/2015,84:00:00,Grab,Stream,MED added artificial times and type assignments,-15.09,-115.7,13.3,1.9631,2.4956,1.394,1.20997156504985,1.13553255663278,0.00755114913027836,0.282030926561514,3.14609252360338,0.00756367144338419,0.0329737953034023,Replaced any <DL limit values with NA
12277,PR Woodland,11/24/2015,108:00:00,Grab,Stream,MED added artificial times and type assignments,-15.64,-124.4,111.5,3.231,15.201,4.142,2.96097726986285,7.26649678354572,0.00243841433998682,0.816618187771156,26.8975439408398,0.00675448709854107,0.0369857146377828,Replaced any <DL limit values with NA
12278,PR Hailstone,11/24/2015,132:00:00,Grab,Stream,MED added artificial times and type assignments,-16.5,-123.8,137.4,6.1798,13.9043,4.688,4.31721240869589,7.9447948496239,0.00114083737279719,0.905185824760946,27.6047165738758,0.0268786248856865,0.0933894031019001,Replaced any <DL limit values with NA
12317,PR Soapstone,01/14/2016,156:00:00,Grab,Stream,MED added artificial times and type assignments,-15.77,-117.7,14.7,1.67715,2.49065,1.619,1.25843796026819,1.15334553576956,0.00859401336146975,0.349680504182384,3.21431039502083,0.00658797534237595,0.0380824932024981,Replaced any <DL limit values with NA
12318,PR Woodland,01/14/2016,180:00:00,Grab,Stream,MED added artificial times and type assignments,-15.85,-124.4,112.5,3.5027,16.62265,4.5,2.87838169036967,6.95696562630472,0.00193926551650599,0.822799398160166,26.1957969265683,0.00616872178019691,0.0196461369281834,Replaced any <DL limit values with NA
12319,PR Hailstone,01/14/2016,204:00:00,Grab,Stream,MED added artificial times and type assignments,-15.69,-124.2,125.3,7.626,14.4006,5.754,5.28882633089297,6.93368553074544,0.000761318653465032,0.979728035958468,25.6628204665454,0.0338067119801233,0.0378766834918302,Replaced any <DL limit values with NA
12402,PR Soapstone,03/08/2016,228:00:00,Grab,Stream,MED added artificial times and type assignments,-15.06,-119.2,15,2.225,2.4618,1.598,2.17431889955944,1.40722226252032,0.065044051979088,0.390822043802174,3.57586709262148,0.0113757026521091,0.0717416137422924,Replaced any <DL limit values with NA
12403,PR Woodland,03/08/2016,252:00:00,Grab,Stream,MED added artificial times and type assignments,-16.26,-124.4,94.8,9.5336,21.9759,4.353,5.43880850326083,8.59600250637871,0.00277108852944939,0.982292258291728,31.3157162512724,0.0124761376213729,0.0194156032745422,Replaced any <DL limit values with NA
12404,PR Hailstone,03/08/2016,276:00:00,Grab,Stream,MED added artificial times and type assignments,-15.56,-123.4,114.7,12.789,13.6681,4.346,6.38299414846318,7.01643618208408,0.00149648711150177,1.02606882417951,24.5503398954476,0.0207535021229723,0.0713009182843118,Replaced any <DL limit values with NA
12406,PR Soapstone,03/22/2016,300:00:00,Grab,Stream,MED added artificial times and type assignments,-14.68,-118.2,12.3,2.7417,2.4872,1.636,1.5173946278287,1.04228228321376,0.0194842035184467,0.316621250151663,2.79214340837591,0.00585475197621084,0.0587345618037863,Replaced any <DL limit values with NA
12407,PR Woodland,03/22/2016,324:00:00,Grab,Stream,MED added artificial times and type assignments,-15.35,-121,68.7,8.1279,11.4978,3.68523464683282,4.26051999347806,4.7253410762641,0.00498001239596896,0.621050134946583,17.7468306787778,0.00841501379534529,0.0417799588979107,Replaced any <DL limit values with NA
12408,PR Hailstone,03/22/2016,348:00:00,Grab,Stream,MED added artificial times and type assignments,-15,-121.5,97.8,12.0735,12.3699,4.17020898345154,6.24967522727023,6.81490340312064,0.00168395512902797,1.13659169182331,24.0043681666844,0.0179628029976092,0.0700023713141778,Replaced any <DL limit values with NA
12409,PR Soapstone,04/07/2016,372:00:00,Grab,Stream,MED added artificial times and type assignments,-15.13,-119,12.6,2.8992,2.5963,3.47126953589845,1.99564541294993,1.06792966696476,0.062247799138187,0.498345044625463,3.01996682097044,0.00577671641515,0.102168942291305,Replaced any <DL limit values with NA
12410,PR Woodland,04/07/2016,396:00:00,Grab,Stream,MED added artificial times and type assignments,-15.16,-122.6,68.7,8.0206,8.83,3.58883800118507,4.38664015046846,3.85651907131226,0.013970833307771,0.675019664918294,14.7485590689552,0.00838524038576893,0.0592273777537038,Replaced any <DL limit values with NA
12411,PR Hailstone,04/07/2016,420:00:00,Grab,Stream,MED added artificial times and type assignments,-15.68,-122.3,96.6,10.6425,10.6546,3.63281193615545,5.55276424360549,5.97699016390369,0.00281096231527015,0.792039369778485,21.4841695841465,0.0143352285418791,0.0518954112510367,Replaced any <DL limit values with NA
12452,PR Soapstone,04/14/2016,444:00:00,Grab,Stream,MED added artificial times and type assignments,-15.54,-121.1,10.7,2.486,2.5204,1.823,1.66781120455816,0.935652884919427,0.0938067297161791,0.392686863398625,2.7706369159428,0.00461230789655301,0.117416807196145,Replaced any <DL limit values with NA
12453,PR Woodland,04/14/2016,468:00:00,Grab,Stream,MED added artificial times and type assignments,-15.28,-123.2,46.2,4.6475,5.4408,2.783,2.8453239256368,2.53047122622064,0.0652636963186482,0.567713819876023,10.0137105365133,0.00809592010711729,0.111999083734508,Replaced any <DL limit values with NA
12454,PR Hailstone,04/14/2016,492:00:00,Grab,Stream,MED added artificial times and type assignments,-15.31,-123.3,77.6,6.4305,7.8314,3.123,4.20685088291042,4.5828884327223,0.0147388928293842,0.707619177005138,17.7549908775767,0.0124280416262581,0.0677271185595023,Replaced any <DL limit values with NA
12463,PR Soapstone,04/21/2016,516:00:00,Grab,Stream,MED added artificial times and type assignments,-14.95,-122,11.1,2.1387,2.1617,1.99175821985396,1.57580176756351,0.90943364403067,0.0905677545198542,0.37722668283684,2.70087838124378,0.00391752600749823,0.120645023736532,Replaced any <DL limit values with NA
12464,PR Woodland,04/21/2016,540:00:00,Grab,Stream,MED added artificial times and type assignments,-15.4,-122.6,52.3,4.4734,5.8732,1.9841124260355,2.86930784976127,2.81821985463205,0.0457695252340194,0.56863305274873,11.152526115658,0.00611202466491097,0.0867557566181048,Replaced any <DL limit values with NA
12465,PR Hailstone,04/21/2016,564:00:00,Grab,Stream,MED added artificial times and type assignments,-15.26,-121.8,84.2,6.0429,7.7306,2.98891693945967,3.63460591330452,4.64901973451821,0.0130190561399877,0.644325973768437,18.1226070176903,0.00948959764098,0.0598267633024119,Replaced any <DL limit values with NA
12482,PR Soapstone,04/28/2016,588:00:00,Grab,Stream,MED added artificial times and type assignments,-14.98,-122,11.2,2.399,2.2693,1.633,1.5540616622248,0.894043563833851,0.0605816057953996,0.369694360889134,2.72720245918137,0.00326842470839292,0.0711228593869335,Replaced any <DL limit values with NA
12483,PR Woodland,04/28/2016,612:00:00,Grab,Stream,MED added artificial times and type assignments,-15.31,-123.5,48.6,4.9731,5.3183,2.593,2.97643400485285,2.64108464416965,0.0456750681365514,0.537593005009725,10.6991083467194,0.00638206532829064,0.0865018024243673,Replaced any <DL limit values with NA
12484,PR Hailstone,04/28/2016,636:00:00,Grab,Stream,MED added artificial times and type assignments,-15.38,-121,69.4,6.3606,7.1178,3.3500289632041,3.60765788369114,4.28255376796659,0.0182673619369586,0.608626424955512,16.6763773151732,0.00984545823139467,0.0640859326430503,Replaced any <DL limit values with NA
12486,PR Soapstone,05/04/2016,660:00:00,Grab,Stream,MED added artificial times and type assignments,-15.4,-122,13.1,2.3321,2.1186,1.86194059791606,1.67545949841878,1.04280856973815,0.117958610084052,0.452094288776656,3.22572794535504,0.00468258609744157,0.140423367462803,Replaced any <DL limit values with NA
12487,PR Woodland,05/04/2016,684:00:00,Grab,Stream,MED added artificial times and type assignments,-15.2,-122.7,51.3,2.7652,4.8286,2.639,2.46941270352245,2.43146690306515,0.040232021805126,0.543345885064257,10.0130230089624,0.00590411958118434,0.0752519482041364,Replaced any <DL limit values with NA
12488,PR Hailstone,05/04/2016,708:00:00,Grab,Stream,MED added artificial times and type assignments,-15.12,-121.5,84,4.2469,6.6964,2.88518249049985,3.23340286457564,4.21598556358992,0.0171796007308954,0.634726314449016,16.8486878016304,0.0103952843562377,0.0651959117458946,Replaced any <DL limit values with NA
12513,PR Soapstone,05/12/2016,732:00:00,Grab,Stream,MED added artificial times and type assignments,-16.09,-119,16.3,1.5988,2.1055,1.667,1.19912123152631,1.07209110041718,0.0834878999673235,0.368377193026125,3.85820587681082,0.0027146811422212,0.0755473041844412,Replaced any <DL limit values with NA
12514,PR Woodland,05/12/2016,756:00:00,Grab,Stream,MED added artificial times and type assignments,-16.19,-118.7,46,3.4411,3.4563,2.78632940487805,2.31322410015947,2.28878313957264,0.0571526207996841,0.51312006132655,9.75606347801023,0.00553378191583342,0.0743071442152444,Replaced any <DL limit values with NA
12515,PR Hailstone,05/12/2016,780:00:00,Grab,Stream,MED added artificial times and type assignments,-16.02,-118.1,61,5.9501,5.5093,3.17939270215044,3.5518072469989,3.66106845460838,0.0274153426194618,0.569317414754847,15.1820697192444,0.0187756182679109,0.0662437895575331,Replaced any <DL limit values with NA
12519,PR Soapstone,05/18/2016,804:00:00,Grab,Stream,MED added artificial times and type assignments,-15.68,-117.7,15,1.5994,1.8508,1.89786285150469,1.07736266170554,0.920506926145817,0.117726477865874,0.335247044029173,3.30673855684667,0.00343266158566491,0.122825098754669,Replaced any <DL limit values with NA
12520,PR Woodland,05/18/2016,828:00:00,Grab,Stream,MED added artificial times and type assignments,-15.89,-118.4,48.2,2.8254,2.675,2.69789787089248,2.28795561993579,2.0741890304687,0.0671685077595878,0.512148378583669,9.15143912324557,0.00541458919979917,0.0878962250605923,Replaced any <DL limit values with NA
12521,PR Hailstone,05/18/2016,852:00:00,Grab,Stream,MED added artificial times and type assignments,-15.81,-118.1,58.5,4.9125,4.3081,3.05307420409733,2.98570066172178,3.10587725729703,0.0403953300768512,0.541627687978263,13.0273030431784,0.0167555826082823,0.091044985687322,Replaced any <DL limit values with NA
12551,PR Soapstone,05/26/2016,876:00:00,Grab,Stream,MED added artificial times and type assignments,-15.81,-117.6,36.6,1.5877,2.0006,1.75433838017824,1.10161756838127,2.04107919259981,0.0692010205248681,0.337996889424553,8.96524500963194,0.00335534965917263,0.0761571425778789,Replaced any <DL limit values with NA
12552,PR Woodland,05/26/2016,900:00:00,Grab,Stream,MED added artificial times and type assignments,-15.55,-117.7,38.2,2.6635,3.046,2.8310802962963,1.85430709699035,2.09935549617846,0.0563751038399846,0.456537603506206,9.09437185370045,0.00534385280374587,0.0720291631270293,Replaced any <DL limit values with NA
12553,PR Hailstone,05/26/2016,924:00:00,Grab,Stream,MED added artificial times and type assignments,-15.71,-118.8,60.1,3.2514,4.1219,2.7987114921781,2.07379444406688,3.23124405474475,0.0402299792400748,0.461298739728155,13.5092272408046,0.00817874242881088,0.0696373190253156,Replaced any <DL limit values with NA
12601,PR Soapstone,06/09/2016,948:00:00,Grab,Stream,MED added artificial times and type assignments,-15.54,-119.7,23.2,1.0105,1.3427,1.157,0.752891529299193,1.08060505811092,0.0940946977781529,0.310622322758094,5.01369407571573,0.00346235651827827,0.0774993548939367,Replaced any <DL limit values with NA
12602,PR Woodland,06/09/2016,972:00:00,Grab,Stream,MED added artificial times and type assignments,-15.51,-120,18.1,1.5207,1.8879,1.684,1.0290698417456,1.09975805069028,0.060706876016656,0.355544409922357,5.16008475933652,0.005229607270895,0.070756962856803,Replaced any <DL limit values with NA
12603,PR Hailstone,06/09/2016,996:00:00,Grab,Stream,MED added artificial times and type assignments,-15.42,-119.5,43.6,2.1753,2.4241,1.807,1.52586160545189,2.15241191493159,0.0538332861709613,0.440146619878242,10.1817512967104,0.00615911716855986,0.0745341077214113,Replaced any <DL limit values with NA
12605,PR Soapstone,06/16/2016,1020:00:00,Grab,Stream,MED added artificial times and type assignments,-15.26,-120.6,22.7,1.0174,1.4444,1.214,0.870677743888047,1.02680507661077,0.0613498759818544,0.320599682689865,4.37703887411304,0.00343115613656234,0.075916659601302,Replaced any <DL limit values with NA
12606,PR Woodland,06/16/2016,1044:00:00,Grab,Stream,MED added artificial times and type assignments,-15.72,-120.2,30.77,2.015,2.6673,2.30887385928761,1.52116645650463,1.54774537702766,0.0481939971082131,0.432169761985779,6.9933462110684,0.00638743536942351,0.0799651390769379,Replaced any <DL limit values with NA
12607,PR Hailstone,06/16/2016,1068:00:00,Grab,Stream,MED added artificial times and type assignments,-15.19,-120.9,58.7,3.8373,3.0475,2.71815273514364,2.68921210528057,2.80782511939448,0.0308965830127659,0.498461489296971,12.1909989966329,0.0200840725038168,0.143385814423557,Replaced any <DL limit values with NA
12621,PR Soapstone,06/24/2016,1092:00:00,Grab,Stream,MED added artificial times and type assignments,-16.12,-118.3,11.7,0.8581,1.401,1.36444140330531,0.929027696348588,0.691116637241531,0.0450050113551781,0.353811977278356,2.39196935028443,0.00451148578174189,0.0621926576610207,Replaced any <DL limit values with NA
12622,PR Woodland,06/24/2016,1116:00:00,Grab,Stream,MED added artificial times and type assignments,-16.19,-119.2,47.8,2.2567,4.2141,2.62591956074125,1.73183631825054,2.24830946770054,0.0279758017449155,0.526118402419812,9.86249123387567,0.00724988332738444,0.0717830886636625,Replaced any <DL limit values with NA
12623,PR Hailstone,06/24/2016,1140:00:00,Grab,Stream,MED added artificial times and type assignments,-16.01,-119.2,61.8,3.2981,4.4927,3.01944734933856,2.39434141033132,3.47728142861216,0.0179626708244203,0.578922010937197,14.728075186112,0.0141720373048398,0.0959429711382898,Replaced any <DL limit values with NA
12660,PR Soapstone,07/01/2016,1164:00:00,Grab,Stream,MED added artificial times and type assignments,-15.63,-116,14.6,1.2982,1.6109,1.252,0.964489983114754,0.946361030911027,0.0574060651357854,0.403454948188521,3.36547747745128,0.00566830377399681,0.0678823257129527,Replaced any <DL limit values with NA
12661,PR Woodland,07/01/2016,1188:00:00,Grab,Stream,MED added artificial times and type assignments,-15.99,-119.1,58.1,0.9129,9.297,2.615,1.68959647956103,3.00152320220974,0.0234942960742598,0.540261233127706,13.775415953298,0.00678800346994208,0.0674433415210488,Replaced any <DL limit values with NA
12662,PR Hailstone,07/01/2016,1212:00:00,Grab,Stream,MED added artificial times and type assignments,-15.73,-115.8,68.8,2.6043,5.6284,4.044,2.9577185267556,3.72856158889905,0.0126459523648311,0.747407712947307,16.4931264313155,0.014483912123828,0.137519686981432,Replaced any <DL limit values with NA
12678,PR Soapstone,07/14/2016,1236:00:00,Grab,Stream,MED added artificial times and type assignments,-15.25,-114.2,16.3934426229508,1.1828,1.3288,1.173,0.885753945643354,0.976645752398696,0.0401546809334952,0.340486392730852,3.47632713085152,0.00757427697787321,0.101142077225217,Replaced any <DL limit values with NA
12679,PR Woodland,07/14/2016,1260:00:00,Grab,Stream,MED added artificial times and type assignments,-15.92,-120.6,81.9672131147541,4.4567,11.2755,3.298,2.70705872650175,5.25104458459732,0.00914736742740009,0.678239838671502,23.0878474494995,0.00645654456413031,0.0685314768168174,Replaced any <DL limit values with NA
12680,PR Hailstone,07/14/2016,1284:00:00,Grab,Stream,MED added artificial times and type assignments,-16.05,-118.79,81.9672131147541,9.9389,8.0336,5.247,4.88245907936199,5.85646191675609,0.00225160561836665,0.809655006314871,24.5109045311514,0.0155350255587474,0.101579776122596,Replaced any <DL limit values with NA
12684,PR Soapstone,08/09/2016,1308:00:00,Grab,Stream,MED added artificial times and type assignments,-15.15,-113.3,12.2950819672131,1.4058,1.1562,0.9108,0.856486233486567,0.773965122907952,0.0293194791090798,0.256473002804364,2.89345817544228,0.00732923056735807,0.0988362953253709,Replaced any <DL limit values with NA
12685,PR Woodland,08/09/2016,1332:00:00,Grab,Stream,MED added artificial times and type assignments,-16.09,-118.8,85.7,3.7129,11.8177,2.905,2.34729747895549,5.80114820282106,0.00820229515968026,0.634939560753237,24.9352353394524,0.00565412156787428,0.0813815497496024,Replaced any <DL limit values with NA
12686,PR Hailstone,08/09/2016,1356:00:00,Grab,Stream,MED added artificial times and type assignments,-15.49,-117.8,111.6,11.7554,8.6954,6.301,5.9334434753621,6.46023021963776,NA,1.08372375479408,26.9083376685115,0.013481120757197,0.129229118472283,Replaced any <DL limit values with NA
12704,PR Soapstone,09/09/2016,1380:00:00,Grab,Stream,MED added artificial times and type assignments,-14.2499117713814,-104.539992746178,12.2950819672131,0.702,0.9322,0.8205,0.677382273138378,0.700109687251113,0.0234074254131799,0.283992888686969,2.48586753019965,0.00539995513795903,0.0759498798308643,Replaced any <DL limit values with NA
12705,PR Woodland,09/09/2016,1404:00:00,Grab,Stream,MED added artificial times and type assignments,-15.9243891196215,-115.240306282175,85.4746888277512,2.4499,11.5269,2.868,2.08660401560179,5.39119362407359,0.00675051148855055,0.719712937285449,22.641839815773,0.00565841835458343,0.0577865337214631,Replaced any <DL limit values with NA
12706,PR Hailstone,09/09/2016,1428:00:00,Grab,Stream,MED added artificial times and type assignments,-16.2302984133507,-119.006103456665,94.2622950819672,6.9663,12.0905,4.89,4.2222044442932,6.5385046829118,NA,1.00552239054344,27.0925852669069,0.0112761116342948,0.100304894515487,Replaced any <DL limit values with NA
13261,PR Soapstone,12/02/2016,1452:00:00,Grab,Stream,MED added artificial times and type assignments,-16.0146410785465,-116.605695005401,15.7,1.9193,2.1086,1.532,1.22495695174894,1.17801341339051,0.015373984089844,0.375379411167258,3.71241164665987,0.0070694840048187,0.0402690687024823,Replaced any <DL limit values with NA
13262,PR Woodland,12/02/2016,1476:00:00,Grab,Stream,MED added artificial times and type assignments,-17.1194389972778,-122.105469292655,103.1,4.4656,17.8142,4.099,2.99688475405869,7.19825286974691,0.00345977225291468,0.826496445938374,29.8859032146664,0.00790564069453556,0.0348861841585399,Replaced any <DL limit values with NA
13263,PR Hailstone,12/02/2016,1500:00:00,Grab,Stream,MED added artificial times and type assignments,-16.8885358191983,-121.826856444004,142.8,6.9648,12.9138,4.183,4.15597542508733,8.26561023651609,NA,0.872982270062255,32.7408728099291,0.0156066777335053,0.0658484188268599,Replaced any <DL limit values with NA
13350,PR Soapstone,02/25/2017,1524:00:00,Grab,Stream,MED added artificial times and type assignments,-15.3396432587862,-115.585398860425,15.5,2.1233,1.7716,1.58,1.21620799257027,1.01962247126943,0.0454381302924784,0.361557545079339,3.40109556537144,0.00556456549751514,0.0923886242645547,Replaced any <DL limit values with NA
13351,PR Woodland,02/25/2017,1548:00:00,Grab,Stream,MED added artificial times and type assignments,-16.5752074539526,-123.427856897124,100,12.1875,16.6139,3.745,5.54987679436114,6.4411201166884,0.0111234030290659,0.790918836599837,26.1145611281036,0.00980171092070323,0.0509355102562243,Replaced any <DL limit values with NA
13352,PR Hailstone,02/25/2017,1572:00:00,Grab,Stream,MED added artificial times and type assignments,-16.4606258042458,-125.228004131432,117.8,44.5615,16.8623,5.396,18.0037387170115,7.67507740865619,0.0016287800430694,0.887010964498964,32.5482495753923,0.102888406873776,0.0720361040674691,Replaced any <DL limit values with NA
13376,PR Soapstone,03/17/2017,1596:00:00,Grab,Stream,MED added artificial times and type assignments,-16.1218102644112,-117.004142967076,12.6,3.1186,1.788,1.693,1.60461469355787,0.927182172180487,0.111983421182316,0.370947395444513,2.96210049772345,0.00370842446301496,0.132960725741405,Replaced any <DL limit values with NA
13377,PR Woodland,03/17/2017,1620:00:00,Grab,Stream,MED added artificial times and type assignments,-16.83104177145,-122.634597838688,44.2986908614073,12.7906,5.8143,2.784,5.70484835066367,3.06330512159088,0.0637027252602828,0.629827449198862,13.2437493364373,0.00793307208823278,0.0959551034607471,Replaced any <DL limit values with NA
13378,PR Hailstone,03/17/2017,1644:00:00,Grab,Stream,MED added artificial times and type assignments,-16.8236157473592,-123.302027213422,72.8235440316358,20.6013,9.1951,,7.89428393240102,5.36358687516988,0.00981333449505266,0.848866902929433,22.2393362958578,0.0210848784317734,0.0488921407581232,Replaced any <DL limit values with NA
13380,PR Soapstone,03/31/2017,1668:00:00,Grab,Stream,MED added artificial times and type assignments,-16.6855583195648,-125.317463658895,11.9728445828716,1.9754,1.7003,1.656,1.29737531966556,0.883917817776138,0.0884826793836987,0.356774234123353,2.86758036286601,0.00293357989668871,0.0952018892880493,Replaced any <DL limit values with NA
13381,PR Woodland,03/31/2017,1692:00:00,Grab,Stream,MED added artificial times and type assignments,-16.9969340152285,-127.99559053554,81.9672131147541,11.1907,5.3816,4.006,6.86453797715158,5.25789418882096,0.265543989440395,0.933567944155009,22.6631821734081,0.0327825436926425,0.366993483622176,Replaced any <DL limit values with NA
13382,PR Hailstone,03/31/2017,1716:00:00,Grab,Stream,MED added artificial times and type assignments,-17.0102397060345,-129.104262579785,38.9270704365079,14.5931,7.6319,2.802,5.28762723207067,3.08042594895731,0.0338989820885447,0.597621285708156,13.6506181876559,0.00685509699201279,0.0536267054911454,Replaced any <DL limit values with NA
13384,PR Soapstone,04/07/2017,1740:00:00,Grab,Stream,MED added artificial times and type assignments,-16.6173025039814,-120.680125,13.3,1.8603,1.6876,1.673,1.83656756460987,0.976804465221009,0.156111297510834,0.385479731497122,3.93676610835716,0.00546055630717332,0.17398267620487,Replaced any <DL limit values with NA
13385,PR Woodland,04/07/2017,1764:00:00,Grab,Stream,MED added artificial times and type assignments,-16.912568675593,-127.035822765327,51.7,7.9266,5.3696,2.868,5.49388617571135,3.37070468827147,0.0856260720938833,0.575678875059788,14.6536184267395,0.0117716394866167,0.131839197169796,Replaced any <DL limit values with NA
13386,PR Hailstone,04/07/2017,1788:00:00,Grab,Stream,MED added artificial times and type assignments,-16.6705252672054,-124.786004231951,77.8688524590164,14.3077,8.0339,3.104,8.37336239450941,5.83038666106654,0.0225358383492568,0.729433714848906,24.8155337445183,0.0390226269421098,0.0872639103510319,Replaced any <DL limit values with NA
13388,PR Soapstone,04/14/2017,1812:00:00,Grab,Stream,MED added artificial times and type assignments,-17.16,-127.4,16.4,1.6213,1.6005,1.716,1.62224736791427,0.889230615874791,0.194128405389225,0.387097280492207,3.6046029937824,0.00609600509021823,0.217826459777653,Replaced any <DL limit values with NA
13389,PR Woodland,04/14/2017,1836:00:00,Grab,Stream,MED added artificial times and type assignments,-17.28,-127.4,40.9836065573771,4.6548,3.7933,2.895,3.76693454075797,2.62218019772238,0.107905731577977,0.57448751184893,11.7233338902353,0.0113340044302935,0.137302604771985,Replaced any <DL limit values with NA
13390,PR Hailstone,04/14/2017,1860:00:00,Grab,Stream,MED added artificial times and type assignments,-17.0975340500431,-126.646593838784,84.9,8.3642,6.0996,3.185,5.9000572646283,4.75665421718504,0.0376973575322904,0.74548462689564,21.1656713979812,0.0303418143286793,0.0977803151892256,Replaced any <DL limit values with NA
13402,PR Soapstone,04/28/2017,1884:00:00,Grab,Stream,MED added artificial times and type assignments,-16.9934241649011,-124.336284414804,18,1.9052,1.6867,1.8825728608975,1.56816766362731,1.13760481947601,0.16036005081512,0.377869243996793,4.33635718543166,0.00513652328418389,0.157779415307832,Replaced any <DL limit values with NA
13403,PR Woodland,04/28/2017,1908:00:00,Grab,Stream,MED added artificial times and type assignments,-16.9977642634252,-124.74632371399,49.1803278688525,5.0345,4.473,2.972,4.06849692915763,3.32979764421065,0.0996224911291,0.548146821591007,15.1323428858294,0.0111604862697858,0.122829148754903,Replaced any <DL limit values with NA
13404,PR Hailstone,04/28/2017,1932:00:00,Grab,Stream,MED added artificial times and type assignments,-16.9127610409998,-124.904609216654,97.2,10.3225,6.4579,3.127,6.86259214630873,5.50372684755317,0.033896986132859,0.639808142828597,24.1823610237483,0.0427140785723221,0.0935931651442977,Replaced any <DL limit values with NA
13406,PR Soapstone,05/04/2017,1956:00:00,Grab,Stream,MED added artificial times and type assignments,-17.1206237064377,-126.485742046923,17.8,1.5618,1.5135,1.658,1.7925421131309,1.26056926315043,0.209053387584312,0.445784799307376,4.69012499289806,0.00636894791487245,0.203299479374879,Replaced any <DL limit values with NA
13407,PR Woodland,05/04/2017,1980:00:00,Grab,Stream,MED added artificial times and type assignments,-17.1299309899648,-126.775227600262,46.3,4.126,4.1974,2.866,3.52815264387047,3.11800041788556,0.0841191418104572,0.535993647074051,14.337188422173,0.00958777521411947,0.108308925499199,Replaced any <DL limit values with NA
13408,PR Hailstone,05/04/2017,2004:00:00,Grab,Stream,MED added artificial times and type assignments,-16.8346392675651,-125.772283060138,73.7704918032787,7.1978,6.1302,2.683,5.30164890004094,5.31397845544197,0.0294365323711542,0.647432256775653,23.6817341941139,0.0245910723845716,0.0857247328325743,Replaced any <DL limit values with NA
13410,PR Soapstone,05/11/2017,2028:00:00,Grab,Stream,MED added artificial times and type assignments,-17.6691263480563,-129.500525072932,24.59,0.9829,1.3718,1.576,1.04014958134838,1.33208802064283,0.16542652850775,0.359196841163886,6.14430225394441,0.00530023854288838,0.141357319976315,Replaced any <DL limit values with NA
13411,PR Woodland,05/11/2017,2052:00:00,Grab,Stream,MED added artificial times and type assignments,-17.4610986598608,-127.899195576151,47.8,2.3014,2.3139,2.737,2.26685474606094,2.33479952498238,0.128544022814281,0.565763273365983,11.6169636559492,0.0121684235209191,0.126295524488311,Replaced any <DL limit values with NA
13412,PR Hailstone,05/11/2017,2076:00:00,Grab,Stream,MED added artificial times and type assignments,-17.3373645962331,-127.083500750356,66.8,5.3739,3.5754,2.901,4.39244930764798,3.5450047483527,0.0661721422305496,0.705447929266692,16.742578514706,0.0227374242203091,0.113186990293266,Replaced any <DL limit values with NA
13418,PR Soapstone,05/19/2017,2100:00:00,Grab,Stream,MED added artificial times and type assignments,-17.67988583185,-127.462383951589,33.3,1.5298,1.6156,1.573,1.3436312400235,1.87307798148789,0.178536827427739,0.366937340664794,8.75470635890809,0.00518891954302514,0.130767308434177,Replaced any <DL limit values with NA
13419,PR Woodland,05/19/2017,2124:00:00,Grab,Stream,MED added artificial times and type assignments,-17.5922422453034,-126.502024630778,50.6,2.963,3.5697,3.145,2.68480457235429,3.14537594573924,0.103256272268892,0.546031197394345,15.6393430886067,0.0108357902298372,0.0967934620602273,Replaced any <DL limit values with NA
13420,PR Hailstone,05/19/2017,2148:00:00,Grab,Stream,MED added artificial times and type assignments,-17.4454710047187,-125.593800890963,62.7,7.2817,3.4481,3.639,5.19377813004118,3.75466407107365,0.0655254363598175,0.68070866892849,17.5430100430011,0.0397327257014134,0.171152309330686,Replaced any <DL limit values with NA
13442,PR Soapstone,05/25/2017,2172:00:00,Grab,Stream,MED added artificial times and type assignments,-17.7776618157116,-128.40160722605,18.7,0.92,1.1759,1.414,1.05535488023343,1.08777370020375,0.203177254904831,0.343652171706873,4.90645932548117,0.00498446242338764,0.148993292485182,Replaced any <DL limit values with NA
13443,PR Woodland,05/25/2017,2196:00:00,Grab,Stream,MED added artificial times and type assignments,-17.53714114655,-127.215953307481,36.885245,1.8525,2.0685,2.538,1.84707290929929,2.05848260113642,0.149765304039074,0.483982889533499,10.4676354361396,0.0096840147860922,0.116139282002757,Replaced any <DL limit values with NA
13444,PR Hailstone,05/25/2017,2220:00:00,Grab,Stream,MED added artificial times and type assignments,-17.3477115231329,-126.493413648932,45.0819672131148,4.112,2.5926,2.956,3.22585575734283,2.78942562275654,0.0825305808738584,0.604152325046133,13.3093878436583,0.0243387838754108,0.130979240496987,Replaced any <DL limit values with NA
13459,PR Soapstone,06/02/2017,2244:00:00,Grab,Stream,MED added artificial times and type assignments,-17.8069698574564,-127.734490977929,12.29508,0.7442,1.0459,1.311,0.882785752297121,0.646559295476419,0.188408372143446,0.305861748581439,3.03978965281279,0.00633819012347531,0.102787522654719,Replaced any <DL limit values with NA
13460,PR Woodland,06/02/2017,2268:00:00,Grab,Stream,MED added artificial times and type assignments,-17.539451465156,-125.399505827851,29.7,1.431,1.7306,2.411,1.55401506716653,1.68826018903536,0.142440639030228,0.46019427905668,8.60093303544239,0.0120307537719458,0.113602174500206,Replaced any <DL limit values with NA
13461,PR Hailstone,06/02/2017,2292:00:00,Grab,Stream,MED added artificial times and type assignments,-17.5191536659747,-125.285997430787,40.9836065573771,2.5842,2.3331,2.5,2.31173239789247,2.34946735449115,0.0850812337646772,0.584419576743468,11.2708892255225,0.0167256013709031,0.117025991739007,Replaced any <DL limit values with NA
13468,PR Soapstone,06/08/2017,2316:00:00,Grab,Stream,MED added artificial times and type assignments,-17.7203824165582,-126.402293804668,12.2950819672131,0.6064,1.0493,1.177,0.865588656083233,0.627867007573225,0.202738086595849,0.318002002817184,2.93033418059853,0.0099214417513063,0.112162963951517,Replaced any <DL limit values with NA
13469,PR Woodland,06/08/2017,2340:00:00,Grab,Stream,MED added artificial times and type assignments,-17.5579010094526,-125.855105049168,28.6885245901639,1.2716,1.7748,2.402,1.47217006477883,1.69361910782644,0.123585913461699,0.468526257310007,8.67588994432767,0.0145935749637245,0.094163454998541,Replaced any <DL limit values with NA
13470,PR Hailstone,06/08/2017,2364:00:00,Grab,Stream,MED added artificial times and type assignments,-17.5463329141468,-125.501898230168,41.2,2.0596,2.0045,2.448,2.09062348023112,2.18205930099837,0.0729226101321694,0.529838797001175,10.6553248989306,0.0195663660090241,0.10871357047355,Replaced any <DL limit values with NA
13472,PR Soapstone,06/15/2017,2388:00:00,Grab,Stream,MED added artificial times and type assignments,-17.5505574967407,-126.163221635956,28.6885245901639,0.7283,1.544,1.285,0.855815010455718,1.48485232542424,0.148630157103079,0.303140386516412,7.05736664873153,0.00578821182614888,0.0912791422479591,Replaced any <DL limit values with NA
13473,PR Woodland,06/15/2017,2412:00:00,Grab,Stream,MED added artificial times and type assignments,-17.5379497580621,-125.688365127965,36.8852459016393,5.3842,2.4018,2.463,1.77526235283154,2.12257602752342,0.10815624634395,0.471507279109803,10.4159108497803,0.0136928157548298,0.0946650475135039,Replaced any <DL limit values with NA
13474,PR Hailstone,06/15/2017,2436:00:00,Grab,Stream,MED added artificial times and type assignments,-17.4590688799426,-125.508004199113,53.2786885245902,2.5504,2.8247,2.517,2.4876881493142,3.43442705646011,0.0704644533047886,0.542901419563185,15.9651016742891,0.0276255785405487,0.123123668458115,Replaced any <DL limit values with NA
13493,PR Soapstone,06/29/2017,2460:00:00,Grab,Stream,MED added artificial times and type assignments,-17.2183831880235,-124.798459294986,12.29508,0.7391,1.4564,1.243,0.89702816589986,0.742222987054471,0.0845270918644658,0.321972731334372,3.25272988177616,0.00712095165489129,0.0875246873090883,Replaced any <DL limit values with NA
13494,PR Woodland,06/29/2017,2484:00:00,Grab,Stream,MED added artificial times and type assignments,-17.318271463182,-125.709814300927,49.1803278688525,2.0307,5.5577,2.597,1.94171172352692,3.04856342586154,0.067245829960231,0.515059366255833,13.9511900002891,0.0135231594467185,0.109058675585852,Replaced any <DL limit values with NA
13495,PR Hailstone,06/29/2017,2508:00:00,Grab,Stream,MED added artificial times and type assignments,-17.2630383462226,-124.775444488961,65.5737704918033,3.113,6.8121,2.766,2.85565011118502,4.75489439292497,0.0411018079293301,0.624624749994087,20.9355712424887,0.0405677934398943,0.21578572588046,Replaced any <DL limit values with NA
13510,PR Soapstone,07/11/2017,2532:00:00,Grab,Stream,MED added artificial times and type assignments,-17.1064152470108,-123.979633203065,16.3934426229508,0.7438,1.6324,1.344,0.960226536724016,0.947661428079853,0.064378651166155,0.346384136525291,4.32337696895191,0.00787169662890113,0.0933941336376791,Replaced any <DL limit values with NA
13511,PR Woodland,07/11/2017,2556:00:00,Grab,Stream,MED added artificial times and type assignments,-17.2970990433855,-124.472964181199,68.7,2.3851,6.6776,3.367,2.49759852443687,4.17806691335442,0.0291598210801908,0.576418929987772,19.0666416492702,0.0150783438254331,0.0987347153006885,Replaced any <DL limit values with NA
13512,PR Hailstone,07/11/2017,2580:00:00,Grab,Stream,MED added artificial times and type assignments,-17.1224224544953,-124.012198370774,96.1,4.8642,6.2095,3.844,4.12258334289279,5.53145104305758,0.0206751964450974,0.730149191305438,24.0945555083218,0.0344313303793384,0.240471251627083,Replaced any <DL limit values with NA
13650,PR Soapstone,08/17/2017,2604:00:00,Grab,Stream,MED added artificial times and type assignments,-16.5565099119528,-120.829422917111,10.0358815456149,1.0483,1.0608,1.106,0.776531742847323,0.668392970758157,0.0314911310884223,0.284641557567715,2.32759936851723,0.00517311844389694,0.0740806066937225,Replaced any <DL limit values with NA
13651,PR Woodland,08/17/2017,2628:00:00,Grab,Stream,MED added artificial times and type assignments,-16.9568716240988,-123.994663280469,90.8,3.2634,9.6005,3.668,2.36675448599823,5.81871086577401,0.00718634329524194,0.721882405122177,26.0506546868149,0.00695778612722442,0.0579175334475444,Replaced any <DL limit values with NA
13652,PR Hailstone,08/17/2017,2652:00:00,Grab,Stream,MED added artificial times and type assignments,-16.7652802025575,-122.718672334168,90.1639344262295,8.8677,8.1506,5.678,5.17495904071316,6.04886656113534,0.00255481692886504,0.896865452552645,26.3456961546973,0.0169844919537859,0.183908809231666,Replaced any <DL limit values with NA
13688,PR Soapstone,09/29/2017,2676:00:00,Grab,Stream,MED added artificial times and type assignments,-15.8566648993648,-117.231285011848,8.19672131147541,2.3077,1.6085,1.138,0.916843967281027,0.706095071004702,0.0317459812676358,0.278889570950692,2.23689793956586,0.00396535584389298,0.0521584814474079,Replaced any <DL limit values with NA
13689,PR Woodland,09/29/2017,2700:00:00,Grab,Stream,MED added artificial times and type assignments,-16.5137195109144,-121.038748057627,77.8688524590164,3.1076,7.6839,3.114,2.07076534192754,4.31086473400786,0.0121933713141548,0.591694297840635,18.978718457808,0.0068225876232372,0.0575619994723217,Replaced any <DL limit values with NA
13690,PR Hailstone,09/29/2017,2724:00:00,Grab,Stream,MED added artificial times and type assignments,-16.5511796768833,-121.695374564226,97.5,7.6746,8.931,3.774,4.05425899961475,6.2576186942176,0.00289014100980268,0.829003093737815,25.5490297706651,0.0162283095394894,0.0827616804344261,Replaced any <DL limit values with NA
13727,PR Soapstone,10/27/2017,2748:00:00,Grab,Stream,MED added artificial times and type assignments,-16.3006916331644,-119.643142745317,12.2950819672131,1.4023,2.1531,1.475,0.973601990350941,0.96171480505694,0.0128806803994632,0.307336954995628,3.05703947778135,0.00525391709317585,0.0368466409234957,Replaced any <DL limit values with NA
13728,PR Woodland,10/27/2017,2772:00:00,Grab,Stream,MED added artificial times and type assignments,-16.8763570206793,-123.940335813185,124.9,3.6898,13.5018,4.202,2.74071731012823,7.06571508447303,0.00275919065198708,0.783093880784377,30.3447221428515,0.0080601946565645,0.0331940084992678,Replaced any <DL limit values with NA
13729,PR Hailstone,10/27/2017,2796:00:00,Grab,Stream,MED added artificial times and type assignments,-16.5122838129235,-122.77941889701,106.55737704918,6.6243,11.5548,4.265,3.96580854643397,7.60283851198277,NA,0.792301167772229,30.6311107413544,0.023575357145226,0.0794137985604873,Replaced any <DL limit values with NA
13816,PR Soapstone,12/08/2017,2820:00:00,Grab,Stream,MED added artificial times and type assignments,-16.4825632142847,-120.927118420239,16.3934426229508,2.3654,1.9938,1.833,1.30055823060746,1.16329954141046,0.0123673302723927,0.353358352329074,3.89996989697717,0.00578666217523795,0.0320942441033702,Replaced any <DL limit values with NA
13817,PR Woodland,12/08/2017,2844:00:00,Grab,Stream,MED added artificial times and type assignments,-17.1745201390608,-125.812050139937,129.2,4.3342,16.5719,4.5,2.93393420271223,7.58109199993305,0.00272601559197624,0.799211784287429,31.1104124771026,0.00767839821686887,0.0205534117622988,Replaced any <DL limit values with NA
13818,PR Hailstone,12/08/2017,2868:00:00,Grab,Stream,MED added artificial times and type assignments,-17.08580390459,-125.652512130823,118.852459016393,6.6449,14.2468,4.464,4.16452578867762,9.0330891036007,NA,0.818529717622998,34.9997130881786,0.0197948233317701,0.0458813848709993,Replaced any <DL limit values with NA
13874,PR Soapstone,01/19/2018,2892:00:00,Grab,Stream,MED added artificial times and type assignments,-16.4030387474107,-120.424706770339,18.3689479700434,1.709,1.8519,1.808,1.39424139737112,1.26107937010446,0.0115758675873461,0.412617116746118,4.12659536319287,0.00640814102417579,0.0408981394939109,Replaced any <DL limit values with NA
13875,PR Woodland,01/19/2018,2916:00:00,Grab,Stream,MED added artificial times and type assignments,-17.0203393766611,-124.575826273435,109.2,3.5979,14.8796,4.663,2.58053429391719,6.9226030488857,0.00266200676218955,0.806802779543317,29.1702114742181,0.00611755910204256,0.0236697256287968,Replaced any <DL limit values with NA
13876,PR Hailstone,01/19/2018,2940:00:00,Grab,Stream,MED added artificial times and type assignments,-17.0239698773277,-124.635946583052,106.55737704918,6.1656,13.15,4.494,3.42086627744155,6.91338352573105,NA,0.726994941467076,27.1733630559636,0.0104323429589714,0.0369337203060826,Replaced any <DL limit values with NA
13965,PR Soapstone,03/10/2018,2964:00:00,Grab,Stream,MED added artificial times and type assignments,-15.8922272816761,-119.433804439228,16.3934426,1.7701,2.1958,1.809,1.27247553271916,1.16775373687668,0.0101822253950178,0.366762965104526,3.7143364879923,0.00537576363572924,0.0331964055452437,Replaced any <DL limit values with NA
13966,PR Woodland,03/10/2018,2988:00:00,Grab,Stream,MED added artificial times and type assignments,-16.832396134955,-125.396465554319,94.262295,4.0616,16.1958,4.868,2.78036240696969,6.72777737023137,0.00219206665790431,0.750118602248906,28.3350929519063,0.0067066620079446,0.0222181162304655,Replaced any <DL limit values with NA
13967,PR Hailstone,03/10/2018,3012:00:00,Grab,Stream,MED added artificial times and type assignments,-16.8353166773497,-125.616983683303,110.655737704918,7.8524,13.7301,6.054,4.64354197653904,8.20444792393838,NA,0.85472004846092,32.2731054962652,0.0161011707976419,0.0438864378908197,Replaced any <DL limit values with NA
13969,PR Soapstone,03/23/2018,3036:00:00,Grab,Stream,MED added artificial times and type assignments,-15.638845414144,-121.097901794699,12.2950819672131,2.5213,2.7556,2.075,1.26524730816607,1.01425055533614,0.0199427129062091,0.354262848384671,3.17046167855682,0.00418884666504489,0.0447256828225423,Replaced any <DL limit values with NA
13970,PR Woodland,03/23/2018,3060:00:00,Grab,Stream,MED added artificial times and type assignments,-16.9276050428547,-126.375522186783,77.8688524590164,7.9824,11.5,6.319,4.56433466696354,5.47998005736298,0.00491325714731051,0.844432863413387,23.9634185707064,0.0139925553317533,0.0513464689968747,Replaced any <DL limit values with NA
13971,PR Hailstone,03/23/2018,3084:00:00,Grab,Stream,MED added artificial times and type assignments,-16.5852499005411,-124.13210676084,110.655737704918,10.3713,12.5838,5.228,6.09961678252228,8.10793778636846,0.00168944424679389,1.16128451564964,32.0884957681124,0.0268122814742172,0.0775237070746354,Replaced any <DL limit values with NA
13974,PR Soapstone,04/06/2018,3108:00:00,Grab,Stream,MED added artificial times and type assignments,-16.3339484321552,-122.806687923246,12.2950819672131,3.8359,2.7823,1.835,1.82354771257646,1.15302592374905,0.0302811020295758,0.400743992197766,3.81799314747607,0.00460073701361504,0.0542700171876742,Replaced any <DL limit values with NA
13975,PR Woodland,04/06/2018,3132:00:00,Grab,Stream,MED added artificial times and type assignments,-16.8440744337021,-125.814893484046,73.7704918032787,6.24,11.0905,3.651,3.5610039167749,5.2579741851579,0.00867274392456469,0.761059331344157,22.6583474187019,0.00847362602279501,0.0468561077883867,Replaced any <DL limit values with NA
13976,PR Hailstone,04/06/2018,3156:00:00,Grab,Stream,MED added artificial times and type assignments,-16.7237871340551,-125.363714979237,86.06557,7.9784,11.6967,6.404,3.5610039167749,5.2579741851579,0.00867274392456469,0.761059331344157,22.6583474187019,0.00847362602279501,0.0468561077883867,Replaced any <DL limit values with NA
13977,PR Soapstone,04/13/2018,3180:00:00,Grab,Stream,MED added artificial times and type assignments,-15.7174302065442,-120.321596457116,11.3666692548387,3.2542,2.8125,2.959,1.57886843662007,1.03143778421681,0.0599511962745642,0.373805815115382,3.36064891756075,0.00357966352016738,0.0653314040945586,Replaced any <DL limit values with NA
13978,PR Woodland,04/13/2018,3204:00:00,Grab,Stream,MED added artificial times and type assignments,-16.8764403915987,-125.360779717983,57.3770491803279,5.4807,8.0401,5.216,3.10827051605925,4.09630058188082,0.0291461322033899,0.678163678775049,17.9786903304294,0.00769642544699313,0.0640643709291728,Replaced any <DL limit values with NA
13979,PR Hailstone,04/13/2018,3228:00:00,Grab,Stream,MED added artificial times and type assignments,-16.2067751996919,-122.474024981058,86.0655737704918,6.7864,9.6141,3.58,3.88855641157611,6.03915092293265,0.0198619334608717,0.750254076295775,24.8668873069964,0.0156081580435447,0.0912228817899868,Replaced any <DL limit values with NA
13992,PR Soapstone,04/20/2018,3252:00:00,Grab,Stream,MED added artificial times and type assignments,-16.0105392476044,-119.636461174124,12.2950819672131,2.8036,2.7538,3.188,1.47363667163973,1.03709101112207,0.0510721186653551,0.372838628700229,3.49884499394149,0.00294824972386539,0.0580420195639724,Replaced any <DL limit values with NA
13993,PR Woodland,04/20/2018,3276:00:00,Grab,Stream,MED added artificial times and type assignments,-16.7820084148861,-123.975049971683,57.3770491803279,4.9226,8.9299,5.748,2.73893971118931,4.19716670986705,0.0210573682671544,0.641169220982975,18.264936544088,0.00561610280402208,0.0501967897023224,Replaced any <DL limit values with NA
13994,PR Hailstone,04/20/2018,3300:00:00,Grab,Stream,MED added artificial times and type assignments,-16.5196503655077,-122.618727577144,86.0655737704918,6.4401,10.6941,4.531,3.37562497355005,6.44384033334199,0.00552932512036221,0.653648536446162,26.1441789762038,0.0110316191786393,0.0504079525144231,Replaced any <DL limit values with NA
14003,PR Soapstone,04/27/2018,3324:00:00,Grab,Stream,MED added artificial times and type assignments,-16.5796748662979,-122.768575315084,8.19672131147541,2.0771,2.3778,1.805,1.17946682302179,0.831750049329257,0.138041854479011,0.395545834913673,2.76069204996109,0.00392952247938492,0.103399766147186,Replaced any <DL limit values with NA
14004,PR Woodland,04/27/2018,3348:00:00,Grab,Stream,MED added artificial times and type assignments,-16.6739126793358,-122.841641149221,30.7377,2.8122,4.1074,2.497,1.59292316782922,2.02379126424959,0.0738135483374204,0.497715692170457,9.12836973002509,0.00660055392010295,0.0787144009101874,Replaced any <DL limit values with NA
14005,PR Hailstone,04/27/2018,3372:00:00,Grab,Stream,MED added artificial times and type assignments,-16.8659107621102,-124.242491771427,53.2786885245902,3.4498,5.7804,2.64,2.09316424815537,3.54326265751529,0.0275341718989346,0.588962056054305,15.1326950128335,0.0174214071827826,0.083536121914743,Replaced any <DL limit values with NA
14007,PR Soapstone,05/03/2018,3396:00:00,Grab,Stream,MED added artificial times and type assignments,-16.7277769130196,-122.936067555886,12.2950819672131,1.6296,2.0957,1.683,1.11014825842386,0.878270657054181,0.0893547502208242,0.35341860310542,3.10123289956431,0.00244068452202443,0.0714791208231389,Replaced any <DL limit values with NA
14008,PR Woodland,05/03/2018,3420:00:00,Grab,Stream,MED added artificial times and type assignments,-16.3704959364619,-121.789452008652,36.8852459016393,3.0514,4.2432,2.426,1.78633155557197,2.44948815141138,0.0629760800103845,0.481504420802186,11.2992836702311,0.00563318362702404,0.0675453089679578,Replaced any <DL limit values with NA
14009,PR Hailstone,05/03/2018,3444:00:00,Grab,Stream,MED added artificial times and type assignments,-16.7455101599984,-123.452654257477,57.3770491803279,3.347,5.5433,2.421,2.11156629449175,3.89864979327568,0.0293991460081918,0.533141969913733,16.868507378544,0.0138090545136792,0.0775832183298312,Replaced any <DL limit values with NA
14011,PR Soapstone,05/08/2018,3468:00:00,Grab,Stream,MED added artificial times and type assignments,-16.737682693492,-123.667061677001,12.2950819672131,1.0906,1.7994,1.663,0.987152829606759,0.808384067151835,0.183150740893178,0.397867826500625,2.95677750773079,0.00369429211807814,0.112097270643467,Replaced any <DL limit values with NA
14012,PR Woodland,05/08/2018,3492:00:00,Grab,Stream,MED added artificial times and type assignments,-16.7348589218858,-123.184367844282,28.6885245901639,1.932,2.6555,2.287,1.33881844904323,1.65584631878789,0.0971232106141202,0.433782163116578,7.92170144848008,0.0057975669937255,0.0801809020788696,Replaced any <DL limit values with NA
14013,PR Hailstone,05/08/2018,3516:00:00,Grab,Stream,MED added artificial times and type assignments,-16.9648269589145,-125.535025308913,40.9836065573771,2.4563,3.846,2.299,1.65163362299762,2.68241050418544,0.0426968318633987,0.539713994513469,11.9566756118552,0.01708161206428,0.0853019082540074,Replaced any <DL limit values with NA
14023,PR Soapstone,05/15/2018,3540:00:00,Grab,Stream,MED added artificial times and type assignments,-16.1934471542758,-118.22025857468,12.2950819672131,1.227,1.8549,1.631,0.890691782388872,0.791115011657052,0.131149513097278,0.319120232295007,2.93756166700313,0.00232897139243486,0.0894184276378704,Replaced any <DL limit values with NA
14024,PR Woodland,05/15/2018,3564:00:00,Grab,Stream,MED added artificial times and type assignments,-16.4951547642458,-121.441705760653,32.7868852459016,2.1074,3.1103,2.532,1.41876723071509,1.95743105600078,0.0790984165505657,0.435306713574678,9.48141412732021,0.00446878824870021,0.0696912224489436,Replaced any <DL limit values with NA
14025,PR Hailstone,05/15/2018,3588:00:00,Grab,Stream,MED added artificial times and type assignments,-16.6274833536116,-120.40005406894,49.1803278688525,3.0145,4.5945,2.488,1.78398565916665,3.02571836877614,0.0637745627773957,0.464449641315629,13.5877849216006,0.0142985045688415,0.0992135781581614,Replaced any <DL limit values with NA
14034,PR Soapstone,05/22/2018,3612:00:00,Grab,Stream,MED added artificial times and type assignments,-16.5684727960546,-121.377712566479,8.19672131147541,1.2042,1.756,1.363,0.891011571489011,0.669810960408559,0.107171439179521,0.295255042135808,2.37177456053204,0.00195267921686066,0.0691686315494081,Replaced any <DL limit values with NA
14035,PR Woodland,05/22/2018,3636:00:00,Grab,Stream,MED added artificial times and type assignments,-16.6904664468208,-122.580970902855,28.6885245901639,1.7536,2.8227,2.119,1.26165889505422,1.64717981633752,0.0816980452856783,0.395998003708238,7.77258029965523,0.00380045756674778,0.0655190387765139,Replaced any <DL limit values with NA
14036,PR Hailstone,05/22/2018,3660:00:00,Grab,Stream,MED added artificial times and type assignments,-16.7743199477829,-122.387742769877,49.1803278688525,2.1874,3.608,2.016,1.59233240765195,2.70858351042415,0.0445233619443617,0.428841216670487,12.2506913042365,0.0151296308791782,0.0844963503271804,Replaced any <DL limit values with NA
14048,PR Soapstone,05/31/2018,3684:00:00,Grab,Stream,MED added artificial times and type assignments,-16.2426842587836,-120.273345224962,8.19672131147541,1.0116,1.7298,1.25,0.808865938504121,0.614926822079485,0.0809516224766626,0.238331168110935,2.04493092588423,0.0019752453773684,0.0534164231440481,Replaced any <DL limit values with NA
14049,PR Woodland,05/31/2018,3708:00:00,Grab,Stream,MED added artificial times and type assignments,-16.7216155261613,-121.481110907008,28.6885245901639,1.5544,3.3176,2.115,1.18786812259694,1.66112852924933,0.059175642115155,0.327992128101434,7.58800742191528,0.00482671163731183,0.0571189276833013,Replaced any <DL limit values with NA
14050,PR Hailstone,05/31/2018,3732:00:00,Grab,Stream,MED added artificial times and type assignments,-16.8234229180198,-121.888690447966,45.0819672131148,2.2916,3.6958,2.051,1.53076320221081,2.68558349102683,0.0354291777337613,0.348244854067639,12.7343826659168,0.0152805886549415,0.0790865579146019,Replaced any <DL limit values with NA
14052,PR Soapstone,06/06/2018,3756:00:00,Grab,Stream,MED added artificial times and type assignments,-16.1312032319176,-119.448310694862,8.19672131147541,0.9344,1.6863,1.182,0.783090618306157,0.613245030447568,0.0590585158215401,0.252411534362396,1.97790216198376,0.00263157889832238,0.0490526661305965,Replaced any <DL limit values with NA
14053,PR Woodland,06/06/2018,3780:00:00,Grab,Stream,MED added artificial times and type assignments,-15.9306307952599,-119.379102220266,30.7377049180328,1.7046,3.8536,2.019,1.32900088819526,1.96883875584224,0.0446087809432919,0.401526745588811,8.87237531807541,0.00569338911162453,0.0583425816778019,Replaced any <DL limit values with NA
14054,PR Hailstone,06/06/2018,3804:00:00,Grab,Stream,MED added artificial times and type assignments,-16.3952423196388,-120.848970475826,49.1803278688525,2.4232,4.4658,1.962,1.79687195491926,3.09067100391627,0.0235078124279768,0.445813661663317,14.5616656728107,0.0207718708945338,0.113841013649894,Replaced any <DL limit values with NA
14064,PR Soapstone,06/12/2018,3828:00:00,Grab,Stream,MED added artificial times and type assignments,-16.1891375242244,-120.001318880072,8.19672131147541,2.0875,2.0525,1.267,0.792264689481851,0.695351217821552,0.041189522248584,0.270361189879756,2.26932104715326,0.00305607199582102,0.0381949220707289,Replaced any <DL limit values with NA
14065,PR Woodland,06/12/2018,3852:00:00,Grab,Stream,MED added artificial times and type assignments,-16.4673673215712,-120.431778848076,45.0819672131148,2.1046,5.6174,2.554,1.70281874495936,2.78659741116124,0.0248160455258644,0.508040255628961,13.2728330841598,0.00579114906104816,0.0506185835405691,Replaced any <DL limit values with NA
14066,PR Hailstone,06/12/2018,3876:00:00,Grab,Stream,MED added artificial times and type assignments,-16.7064361247551,-121.34895181109,57.3770491803279,3.8869,5.566,2.649,2.39612917563185,3.54637617927233,0.0191789552418458,0.524643299109154,16.6586086107211,0.0086466927737393,0.0879454632140376,Replaced any <DL limit values with NA
14085,PR Soapstone,06/26/2018,3900:00:00,Grab,Stream,MED added artificial times and type assignments,-16.3709998800256,-120.511378016884,12.2950819672131,1.8359,1.5974,1.188,1.08334626398556,0.781731368622784,0.0322707061704796,0.284419755306471,2.69594424955823,0.00306528805820518,0.054955942356506,Replaced any <DL limit values with NA
14086,PR Woodland,06/26/2018,3924:00:00,Grab,Stream,MED added artificial times and type assignments,-16.9947898745161,-123.394866333318,77.8688524590164,3.7818,10.0544,3.354,2.23438666983676,4.62040558569605,0.0127706485558521,0.622198966048967,21.6118976652753,0.00532502406030268,0.0556349253355636,Replaced any <DL limit values with NA
14087,PR Hailstone,06/26/2018,3948:00:00,Grab,Stream,MED added artificial times and type assignments,-16.2527383458211,-121.798722330382,86.0655737704918,8.6226,8.0501,3.473,4.26239401338898,4.88025994988021,0.00458861543818663,0.767875373628164,22.4932474921103,0.00746481209344585,0.108220869796889,Replaced any <DL limit values with NA
14128,PR Soapstone,07/19/2018,3972:00:00,Grab,Stream,MED added artificial times and type assignments,-15.0373636362879,-115.299861367147,8.19672131147541,1.4421,1.5394,0.8763,0.894221810108751,0.680499570967526,0.0200241044772493,0.297828958608024,2.25322287309403,0.00415156441852687,0.0496119975043706,Replaced any <DL limit values with NA
14129,PR Woodland,07/19/2018,3996:00:00,Grab,Stream,MED added artificial times and type assignments,-15.8642501052643,-119.446866435482,98.3606557377049,3.5771,12.331,3.188,2.48171927365601,5.6908072036725,0.00460732039518759,0.770165344558324,26.0229921912566,0.00725182648044837,0.0776776214649099,Replaced any <DL limit values with NA
14130,PR Hailstone,07/19/2018,4020:00:00,Grab,Stream,MED added artificial times and type assignments,-15.5161812817726,-119.263929330134,90.1639344262295,12.8619,7.9804,4.658,6.00098760980724,6.17387818331552,NA,1.01015907118626,27.0619559455935,0.00746135249667465,0.0485478201552842,Replaced any <DL limit values with NA
14183,PR Soapstone,07/31/2018,4044:00:00,Grab,Stream,MED added artificial times and type assignments,-14.888882546527,-114.324453522243,8.19672131147541,1.4816,1.3835,0.7138,0.902753209958983,0.669496646987208,0.0245002116722145,0.321817514217574,2.21928948947187,0.00407963786155974,0.0594663399814468,Replaced any <DL limit values with NA
14184,PR Woodland,07/31/2018,4068:00:00,Grab,Stream,MED added artificial times and type assignments,-15.9773928523153,-121.079789219325,81.9672131147541,3.1555,13.1185,3.049,2.2133578358975,5.5915741830942,0.00590622723841007,0.706396443970215,25.2031687771291,0.00462222214977775,0.0779177547971178,Replaced any <DL limit values with NA
14185,PR Hailstone,07/31/2018,4092:00:00,Grab,Stream,MED added artificial times and type assignments,-15.9926027140587,-121.114393456623,94.2622950819672,16.7777,8.0709,5.743,7.29265510450158,6.35814451921717,NA,1.04249146696544,28.1546492447477,0.00889054065918218,0.0588456394910018,Replaced any <DL limit values with NA
14235,PR Soapstone,09/21/2018,4116:00:00,Grab,Stream,MED added artificial times and type assignments,-15.7203047047722,-119.946707029451,28.6885245901639,1.8019,2.1451,0.5838,1.14569488178325,1.65550527538642,NA,0.408379930026775,6.39777353172655,0.0231471462340709,0.0455775427431933,Replaced any <DL limit values with NA
14236,PR Woodland,09/21/2018,4140:00:00,Grab,Stream,MED added artificial times and type assignments,-16.8970179938485,-126.971149746628,127.049180327869,4.271,24.4595,5.452,2.97818002933074,9.53325894409628,NA,0.996543611398647,41.5100311555308,0.00803750322781927,0.0449119607109888,Replaced any <DL limit values with NA
14237,PR Hailstone,09/21/2018,4164:00:00,Grab,Stream,MED added artificial times and type assignments,-16.1205216256701,-122.84651891991,102.459016393443,12.0217,14.1868,6.374,6.27934926190439,7.59539788900432,NA,1.15513393599383,32.0029068126988,0.0178247207973781,0.094206771850821,Replaced any <DL limit values with NA
15126,PR Soapstone,10/16/2020,4188:00:00,Grab,Stream,MED added artificial times and type assignments,-15.77,-118.2,19.36,1.6136,2.1266,1.462,1.16,1.388,0.01,0.423,4.67,0.01,0.052,Replaced any <DL limit values with NA
15127,PR Woodland,10/16/2020,4212:00:00,Grab,Stream,MED added artificial times and type assignments,-17.02,-124.69,158.51,4.1958,21.3627,5.24,3.86,11.5,0.005,0.96,40.2,0.006,0.048,Replaced any <DL limit values with NA
15128,PR Hailstone,10/16/2020,4236:00:00,Grab,Stream,MED added artificial times and type assignments,-16.57,-122.97,152.41,10.783,17.2677,6.59,5.85,8.1,0.003,1.36,38.7,0.015,0.176,Replaced any <DL limit values with NA
15130,PR Soapstone,11/24/2020,4260:00:00,Grab,Stream,MED added artificial times and type assignments,-16.27,-120.34,19.37,1.79,2.1999,1.7,1.26,1.438,0.008,0.399,4.73,0.008,0.052,Replaced any <DL limit values with NA
15131,PR Woodland,11/24/2020,4284:00:00,Grab,Stream,MED added artificial times and type assignments,-17.06,-125.16,144.4,4.5231,19.2097,5.202,3.18,8.16,0.003,0.95,36.2,0.005,0.034,Replaced any <DL limit values with NA
15132,PR Hailstone,11/24/2020,4308:00:00,Grab,Stream,MED added artificial times and type assignments,-17.1,-125.19,146.31,8.8645,15.4387,4.816,4.62,7.8,0.003,0.95,36.5,0.01,0.082,Replaced any <DL limit values with NA
15144,PR Soapstone,01/30/2021,4332:00:00,Grab,Stream,MED added artificial times and type assignments,-16.8,-123.57,19.38,1.4289,2.1422,1.87,1.31,1.396,0.009,0.407,4.45,0.008,0.05,Replaced any <DL limit values with NA
15145,PR Woodland,01/30/2021,4356:00:00,Grab,Stream,MED added artificial times and type assignments,-17.57,-127.37,134.12,3.793,17.6661,5.183,2.97,7.74,0.004,1.05,35.2,0.005,0.02,Replaced any <DL limit values with NA
15146,PR Hailstone,01/30/2021,4380:00:00,Grab,Stream,MED added artificial times and type assignments,-17.45,-126.98,146.31,7.3359,16.3294,5.306,4.53,8.37,0.003,0.98,37.1,0.009,0.048,Replaced any <DL limit values with NA
15253,PR Soapstone,03/06/2021,4404:00:00,Grab,Stream,MED added artificial times and type assignments,-16.62,-123.18,16.56,1.6532,2.682,1.794,1.36,1.316,0.009,0.406,4.01,0.007,0.048,Replaced any <DL limit values with NA
15254,PR Woodland,03/06/2021,4428:00:00,Grab,Stream,MED added artificial times and type assignments,-17.12,-126.93,101.217631229236,4.5834,18.6642,4.289,2.73,6.58,0.004,0.82,30.1,0.005,0.021,Replaced any <DL limit values with NA
15255,PR Hailstone,03/06/2021,4452:00:00,Grab,Stream,MED added artificial times and type assignments,-16.88,-126.92,152.41,9.0915,13.9724,4.852,5.1,8.26,0.004,1.14,37.2,0.014,0.076,Replaced any <DL limit values with NA
15183,PR Soapstone,03/19/2021,4476:00:00,Grab,Stream,MED added artificial times and type assignments,-16.71,-122.94,16.17,1.7768,2.5613,1.762,1.47,1.29,0.014,0.42,3.85,0.0065,0.047,Replaced any <DL limit values with NA
15184,PR Woodland,03/19/2021,4500:00:00,Grab,Stream,MED added artificial times and type assignments,-17.49,-126.5,122.6,7.6396,17.5242,4.302,3.84,6.63,0.004,0.82,31.9,0.011,0.035,Replaced any <DL limit values with NA
15185,PR Hailstone,03/19/2021,4524:00:00,Grab,Stream,MED added artificial times and type assignments,-17.27,-126.08,140.22,11.774,15.5897,4.459,6.09,8.62,0.002,1.27,33.6,0.017,0.138,Replaced any <DL limit values with NA
15199,PR Soapstone,04/03/2021,4548:00:00,Grab,Stream,MED added artificial times and type assignments,-16.83,-123.91,14.8,2.1038,2.8562,1.848,1.52,1.3,0.018,0.447,3.75,0.005,0.05,Replaced any <DL limit values with NA
15200,PR Woodland,04/03/2021,4572:00:00,Grab,Stream,MED added artificial times and type assignments,-17.26,-125.55,85.35,6.9562,13.1173,3.875,3.6,5.57,0.006,0.8,26.1,0.011,0.046,Replaced any <DL limit values with NA
15201,PR Hailstone,04/03/2021,4596:00:00,Grab,Stream,MED added artificial times and type assignments,-17.18,-125.26,121.93,10.3009,14.2406,4.125,5.37,8.03,0.005,0.99,36.3,0.015,0.077,Replaced any <DL limit values with NA
15210,PR Soapstone,04/17/2021,4620:00:00,Grab,Stream,MED added artificial times and type assignments,-16.99,-124.66,14.59,2.9036,3.214,1.804,1.66,1.391,0.034,0.443,4.12,0.003,0.051,Replaced any <DL limit values with NA
15211,PR Woodland,04/17/2021,4644:00:00,Grab,Stream,MED added artificial times and type assignments,-17.22,-125.83,56.1638426966292,6.1405,12.655,2.643,2.47,4.02,0.01,0.67,18.3,0.006,0.042,Replaced any <DL limit values with NA
15212,PR Hailstone,04/17/2021,4668:00:00,Grab,Stream,MED added artificial times and type assignments,-17.12,-124.91,128.264267942584,8.4554,12.2035,3.331,4.88,7.45,0.007,0.8,35.2,0.013,0.085,Replaced any <DL limit values with NA
15227,PR Soapstone,04/30/2021,4692:00:00,Grab,Stream,MED added artificial times and type assignments,-17.5,-127.65,12.95,2.4604,3.2389,1.797,1.65,1.221,0.057,0.458,3.59,0.003,0.058,Replaced any <DL limit values with NA
15228,PR Woodland,04/30/2021,4716:00:00,Grab,Stream,MED added artificial times and type assignments,-17.35,-127.01,48.77,3.8293,7.1497,2.966,2.14,2.89,0.036,0.64,13.7,0.006,0.064,Replaced any <DL limit values with NA
15229,PR Hailstone,04/30/2021,4740:00:00,Grab,Stream,MED added artificial times and type assignments,-17.27,-125.67,63.5530344827586,6.9262,16.2482,3.1,3.45,5.1,0.021,0.75,19.9,0.009,0.082,Replaced any <DL limit values with NA
15231,PR Soapstone,05/10/2021,4764:00:00,Grab,Stream,MED added artificial times and type assignments,-17.77,-129.28,9.77,2.0275,2.11,1.621,1.17,0.876,0.107,0.426,2.67,0.002,0.071,Replaced any <DL limit values with NA
15232,PR Woodland,05/10/2021,4788:00:00,Grab,Stream,MED added artificial times and type assignments,-17.77,-128.8,27.4,3.6259,3.9038,2.322,1.83,1.92,0.074,0.63,8.6,0.004,0.068,Replaced any <DL limit values with NA
15233,PR Hailstone,05/10/2021,4812:00:00,Grab,Stream,MED added artificial times and type assignments,-17.57,-128.08,48.4,4.8798,5.628,2.423,2.4,2.95,0.057,0.59,14.2,0.009,0.093,Replaced any <DL limit values with NA
15235,PR Soapstone,05/14/2021,4836:00:00,Grab,Stream,MED added artificial times and type assignments,-17.9,-130.49,12.19,1.4554,1.2606,1.629,1.16,0.825,0.121,0.412,2.58,0.002,0.079,Replaced any <DL limit values with NA
15236,PR Woodland,05/14/2021,4860:00:00,Grab,Stream,MED added artificial times and type assignments,-17.85,-129.78,30.48,2.5386,3.2312,2.263,1.59,1.817,0.094,0.502,7.71,0.004,0.084,Replaced any <DL limit values with NA
15237,PR Hailstone,05/14/2021,4884:00:00,Grab,Stream,MED added artificial times and type assignments,-17.57,-128.02,60.96,6.2603,5.3094,2.435,3.54,3.15,0.05,0.58,15.9,0.012,0.084,Replaced any <DL limit values with NA
15239,PR Soapstone,05/19/2021,4908:00:00,Grab,Stream,MED added artificial times and type assignments,-17.88,-130.74,10.53,1.4959,1.7689,1.47,1.15,0.77,0.115,0.42,2.59,0.002,0.064,Replaced any <DL limit values with NA
15240,PR Woodland,05/19/2021,4932:00:00,Grab,Stream,MED added artificial times and type assignments,-17.72,-129.9,25.9499330024814,2.5132,2.5954,2.062,1.61,1.52,0.094,0.55,6.9,0.004,0.072,Replaced any <DL limit values with NA
15241,PR Hailstone,05/19/2021,4956:00:00,Grab,Stream,MED added artificial times and type assignments,-17.44,-128.98,54.87,7.6289,4.4477,2.74,4.92,2.9,0.287,0.7,14.1,0.024,0.144,Replaced any <DL limit values with NA
15249,PR Soapstone,05/24/2021,4980:00:00,Grab,Stream,MED added artificial times and type assignments,-17.49,-128.7,12.75,1.6896,2.0272,1.419,1.38,0.95,0.117,0.44,3.06,0.0021,0.063,Replaced any <DL limit values with NA
15250,PR Woodland,05/24/2021,5004:00:00,Grab,Stream,MED added artificial times and type assignments,-17.38,-127.89,33.695633744856,2.4603,3.6466,2.222,1.58,1.96,0.067,0.55,9.17,0.005,0.064,Replaced any <DL limit values with NA
15251,PR Hailstone,05/24/2021,5028:00:00,Grab,Stream,MED added artificial times and type assignments,-17.27,-127.26,52.4595846689896,5.5714,5.1491,2.286,3.2,3.33,0.053,0.58,14,0.009,0.086,Replaced any <DL limit values with NA
15257,PR Soapstone,05/28/2021,5052:00:00,Grab,Stream,MED added artificial times and type assignments,-17.28,-129.2,8.68,2.202,2.0587,1.373,1.22,0.764,0.094,0.37,2.49,0.002,0.064,Replaced any <DL limit values with NA
15258,PR Woodland,05/28/2021,5076:00:00,Grab,Stream,MED added artificial times and type assignments,-17.21,-128.15,31.54,1.2992,1.8496,2.049,1.38,1.61,0.082,0.42,7.83,0.004,0.077,Replaced any <DL limit values with NA
15259,PR Hailstone,05/28/2021,5100:00:00,Grab,Stream,MED added artificial times and type assignments,-17.1,-127.76,54.87,5.2732,4.1757,2.223,3.04,2.95,0.042,0.55,14.7,0.01,0.084,Replaced any <DL limit values with NA
15270,PR Soapstone,06/07/2021,5124:00:00,Grab,Stream,MED added artificial times and type assignments,-17.16,-128.2,9.64,1.2924,1.6934,1.21,1.08,0.738,0.068,0.373,2.31,0.002,0.052,Replaced any <DL limit values with NA
15271,PR Woodland,06/07/2021,5148:00:00,Grab,Stream,MED added artificial times and type assignments,-17.09,-127.94,26,2.1496,4.229,1.944,1.26,1.63,0.051,0.52,8.43,0.006,0.081,Replaced any <DL limit values with NA
15272,PR Hailstone,06/07/2021,5172:00:00,Grab,Stream,MED added artificial times and type assignments,-17.02,-126.62,60.96,3.776,4.4755,1.938,2.66,3.91,0.052,0.54,17.6,0.01,0.093,Replaced any <DL limit values with NA
15277,PR Soapstone,06/14/2021,5196:00:00,Grab,Stream,MED added artificial times and type assignments,-16.44,-124.77,14.16,1.3735,1.6367,1.326,1.17,0.987,0.04,0.427,3.3,0.003,0.041,Replaced any <DL limit values with NA
15278,PR Woodland,06/14/2021,5220:00:00,Grab,Stream,MED added artificial times and type assignments,-16.6,-124.88,73.16,3.1987,9.4477,2.93,1.9,3.63,0.021,0.66,19,0.006,0.079,Replaced any <DL limit values with NA
15279,PR Hailstone,06/14/2021,5244:00:00,Grab,Stream,MED added artificial times and type assignments,-16.43,-124.73,97.54,9.547,7.6718,3.825,5.26,5.538,0.01,0.76,23.4,0.009,0.138,Replaced any <DL limit values with NA
15281,PR Soapstone,06/23/2021,5268:00:00,Grab,Stream,MED added artificial times and type assignments,-15.86,-120.98,15.54,1.14,1.4214,1.175,1.15,1.012,0.03,0.413,3.5,0.004,0.066,Replaced any <DL limit values with NA
15282,PR Woodland,06/23/2021,5292:00:00,Grab,Stream,MED added artificial times and type assignments,-16.33,-124.03,91.45,3.6629,11.8099,2.817,2.66,5.49,0.013,0.77,22.6,0.007,0.101,Replaced any <DL limit values with NA
15283,PR Hailstone,06/23/2021,5316:00:00,Grab,Stream,MED added artificial times and type assignments,-16.31,-123.94,103.64,10.9373,9.1763,4.385,5.62,5.73,0.007,0.86,27.5,0.008,0.124,Replaced any <DL limit values with NA
15285,PR Soapstone,06/30/2021,5340:00:00,Grab,Stream,MED added artificial times and type assignments,-15.6,-120.16,12.84,0.9967,1.4913,1.051,1,0.86,0.033,0.36,2.96,0.0035,0.068,Replaced any <DL limit values with NA
15286,PR Woodland,06/30/2021,5364:00:00,Grab,Stream,MED added artificial times and type assignments,-16.29,-123.82,91.45,3.8355,12.2918,2.994,2.3,4.84,0.012,0.8,24.8,0.006,0.1,Replaced any <DL limit values with NA
15287,PR Hailstone,06/30/2021,5388:00:00,Grab,Stream,MED added artificial times and type assignments,-16.35,-124.03,123.82,12.758,8.3834,4.711,7.02,6.59,0.005,0.92,34,0.011,0.144,Replaced any <DL limit values with NA
15289,PR Soapstone,07/12/2021,5412:00:00,Grab,Stream,MED added artificial times and type assignments,-15.84,-122.28,12.36,1.5919,1.5281,0.8556,1.2,0.88,0.03,0.38,2.93,0.0043,0.06,Replaced any <DL limit values with NA
15290,PR Woodland,07/12/2021,5436:00:00,Grab,Stream,MED added artificial times and type assignments,-16.46,-124.9,93.6,4.5848,13.6528,2.828,2.53,5.25,0.011,0.75,25.7,0.006,0.125,Replaced any <DL limit values with NA
15291,PR Hailstone,07/12/2021,5460:00:00,Grab,Stream,MED added artificial times and type assignments,-16.29,-123.08,121.93,13.0972,9.0088,5.837,7.89,7.42,0.006,1.22,30.5,0.009,0.098,Replaced any <DL limit values with NA
15301,PR Soapstone,07/28/2021,5484:00:00,Grab,Stream,MED added artificial times and type assignments,-15.48,-120.16,12.34,1.7355,1.4529,0.7022,1.28,0.88,0.026,0.376,2.91,0.005,0.067,Replaced any <DL limit values with NA
15302,PR Woodland,07/28/2021,5508:00:00,Grab,Stream,MED added artificial times and type assignments,-16.16,-121.2,86.9,4.4208,12.4059,2.74,2.63,4.79,0.01,0.79,24.3,0.006,0.095,Replaced any <DL limit values with NA
15303,PR Hailstone,07/28/2021,5532:00:00,Grab,Stream,MED added artificial times and type assignments,-16,-120.36,121.93,11.8951,8.8302,5.963,6.86,6.84,0.006,1.31,31.5,0.011,0.169,Replaced any <DL limit values with NA
15305,PR Soapstone,08/11/2021,5556:00:00,Grab,Stream,MED added artificial times and type assignments,-15.45,-118.26,16.94,2.3227,1.7432,0.4052,1.47,1.206,0.014,0.465,4.13,0.008,0.056,Replaced any <DL limit values with NA
15306,PR Woodland,08/11/2021,5580:00:00,Grab,Stream,MED added artificial times and type assignments,-16.37,-121.93,134.12,4.3904,19.1888,3.823,3.92,9.81,0.007,0.89,34.1,0.006,0.08,Replaced any <DL limit values with NA
15307,PR Hailstone,08/11/2021,5604:00:00,Grab,Stream,MED added artificial times and type assignments,-15.96,-120.94,121.93,11.2624,11.6372,5.984,6.14,6.56,0.009,1.08,30.6,0.01,0.135,Replaced any <DL limit values with NA
15322,PR Soapstone,09/03/2021,5628:00:00,Grab,Stream,MED added artificial times and type assignments,-15.42,-114.19,16.33,2.3964,2.1384,0.6907,1.69,1.23,0.024,0.48,3.89,0.0072,0.057,Replaced any <DL limit values with NA
15323,PR Woodland,09/03/2021,5652:00:00,Grab,Stream,MED added artificial times and type assignments,-15.97,-117.5,109.73,4.4637,14.0383,3.107,3.21,6.81,0.009,0.85,26.8,0.006,0.09,Replaced any <DL limit values with NA
15324,PR Hailstone,09/03/2021,5676:00:00,Grab,Stream,MED added artificial times and type assignments,-15.68,-118.19,115.83,10.5614,11.1129,4.632,5.65,6.44,0.004,0.94,30.7,0.013,0.181,Replaced any <DL limit values with NA
15327,PR Soapstone,09/17/2021,5700:00:00,Grab,Stream,MED added artificial times and type assignments,-15.09,-115.2,19.13,2.3077,1.8211,0.7127,1.71,1.38,0.014,0.49,4.37,0.0107,0.058,Replaced any <DL limit values with NA
15328,PR Woodland,09/17/2021,5724:00:00,Grab,Stream,MED added artificial times and type assignments,-16.26,-123.8,134.12,4.1716,18.5771,3.853,2.97,7.48,0.005,0.96,35.1,0.005,0.073,Replaced any <DL limit values with NA
15329,PR Hailstone,09/17/2021,5748:00:00,Grab,Stream,MED added artificial times and type assignments,-16.06,-122.6,128.02,12.129,13.0753,5.579,6.82,8.08,0.003,1.13,35.3,0.013,0.147,Replaced any <DL limit values with NA
15340,PR Soapstone,10/01/2021,5772:00:00,Grab,Stream,MED added artificial times and type assignments,-15.5,-118.1,18.29,2.3859,1.7798,0.8395,1.52,1.359,0.011,0.438,4.37,0.012,0.063,Replaced any <DL limit values with NA
15341,PR Woodland,10/01/2021,5796:00:00,Grab,Stream,MED added artificial times and type assignments,-16.44,-124.6,123.87,4.4392,19.8285,4.02,3.04,7.72,0.003,0.94,35.8,0.005,0.059,Replaced any <DL limit values with NA
15342,PR Hailstone,10/01/2021,5820:00:00,Grab,Stream,MED added artificial times and type assignments,-16.19,-123.3,140.22,11.4318,14.8695,5.553,6.3,8,0.003,1.25,35.9,0.012,0.148,Replaced any <DL limit values with NA
15371,PR Soapstone,10/22/2021,5844:00:00,Grab,Stream,MED added artificial times and type assignments,-15.23,-114.7,12.7,2.9448,2.1295,1.4,1.67,1.12,0.037,0.4,3.31,0.0041,0.052,Replaced any <DL limit values with NA
15372,PR Woodland,10/22/2021,5868:00:00,Grab,Stream,MED added artificial times and type assignments,-15.74,-117.2,66.6,4.8092,9.1344,2.872,2.85,4.54,0.015,0.66,19,0.007,0.066,Replaced any <DL limit values with NA
15373,PR Hailstone,10/22/2021,5892:00:00,Grab,Stream,MED added artificial times and type assignments,-15.46,-118.5,103.64,9.8158,10.3643,3.973,5.39,6.27,0.007,1,28.2,0.014,0.126,Replaced any <DL limit values with NA
15382,PR Soapstone,11/05/2021,5916:00:00,Grab,Stream,MED added artificial times and type assignments,-15.19,-115.3,13.52,3.8223,2.2037,1.492,2.04,1.22,0.044,0.41,3.63,0.0032,0.043,Replaced any <DL limit values with NA
15383,PR Woodland,11/05/2021,5940:00:00,Grab,Stream,MED added artificial times and type assignments,-15.61,-117.8,56.6,4.6167,7.5313,2.757,2.46,3.5,0.024,0.62,17.3,0.007,0.061,Replaced any <DL limit values with NA
15384,PR Hailstone,11/05/2021,5964:00:00,Grab,Stream,MED added artificial times and type assignments,-15.77,-118.8,91.45,7.252,8.4963,3.074,3.81,5.346,0.01,0.68,21.7,0.01,0.082,Replaced any <DL limit values with NA
15397,PR Soapstone,12/03/2021,5988:00:00,Grab,Stream,MED added artificial times and type assignments,-15.81,-119.4,11.0608689475341,2.8618,2.1217,1.608,1.3315279,0.94312356,0.02242486,0.34132218,3.3474095,NA,NA,Replaced any <DL limit values with NA
15398,PR Woodland,12/03/2021,6012:00:00,Grab,Stream,MED added artificial times and type assignments,-16.52,-123.5,91.4,4.4781,12.1746,3.186,2.96045748,5.64746402,0.0129003,0.62228171,23.4906663,NA,NA,Replaced any <DL limit values with NA
15399,PR Hailstone,12/03/2021,6036:00:00,Grab,Stream,MED added artificial times and type assignments,-16.59,-123.7,96.0658571428572,7.4251,11.2028,3.81,4.00279913,6.20751818,0.00290898,0.71431646,26.4981194,NA,NA,Replaced any <DL limit values with NA
15419,PR Soapstone,01/20/2022,6060:00:00,Grab,Stream,MED added artificial times and type assignments,-16.27,-122,15.7537862392399,2.5683,2.2439,1.782,1.45887514,1.19135261,0.0193985,0.36375377,4.23777822,NA,NA,Replaced any <DL limit values with NA
15420,PR Woodland,01/20/2022,6084:00:00,Grab,Stream,MED added artificial times and type assignments,-16.81,-125.6,91.4,5.0175,14.4375,3.68,3.17780802,5.95332842,0.00801672,0.67590768,25.0953438,NA,NA,Replaced any <DL limit values with NA
15421,PR Hailstone,01/20/2022,6108:00:00,Grab,Stream,MED added artificial times and type assignments,-16.53,-123.9,69.807341307815,7.82,11.2198,3.224,3.39380238,4.92174143,0.00304375,0.63384917,20.7913479,NA,NA,Replaced any <DL limit values with NA
15430,PR Soapstone,02/03/2022,6132:00:00,Grab,Stream,MED added artificial times and type assignments,-15.34,-119.9,18.3,2.7122,2.0976,1.897,1.52296526,1.25418054,0.0199777,0.38956612,4.24138776,NA,NA,Replaced any <DL limit values with NA
15431,PR Woodland,02/03/2022,6156:00:00,Grab,Stream,MED added artificial times and type assignments,-16.74,-125.7,92.2884814814815,4.9086,15.4122,3.936,3.17865069,6.1694443,0.00962958,0.68582503,26.392815,NA,NA,Replaced any <DL limit values with NA
15432,PR Hailstone,02/03/2022,6180:00:00,Grab,Stream,MED added artificial times and type assignments,-16.9,-127.3,103.365766554433,9.8136,14.2694,5.635,5.26813385,6.7741221,0.00243879,1.00248521,29.3614303,NA,NA,Replaced any <DL limit values with NA
15465,PR Soapstone,02/17/2022,6204:00:00,Grab,Stream,MED added artificial times and type assignments,-15.57,-121,18.2404186046512,2.5634,0.2027,1.84,1.48411465,1.21271054,0.01896833,0.32284586,4.16929154,0.00329,0.04244,Replaced any <DL limit values with NA
15466,PR Woodland,02/17/2022,6228:00:00,Grab,Stream,MED added artificial times and type assignments,-16.95,-126.9,94.935093495935,5.0711,15.6328,3.866,3.29270847,6.26588572,0.00708343,0.70741354,27.1980801,0.00506,0.04993,Replaced any <DL limit values with NA
15467,PR Hailstone,02/17/2022,6252:00:00,Grab,Stream,MED added artificial times and type assignments,-16.24,-124.8,121.9,9.3571,13.4816,4.573,4.79147689,7.14731542,NA,0.86051518,29.6545467,0.00549,0.05039,Replaced any <DL limit values with NA
15474,PR Soapstone,03/03/2022,6276:00:00,Grab,Stream,MED added artificial times and type assignments,-16.36,-123.2,13.3754573663337,2.696,2.2197,1.805,1.55545234,1.12113173,0.02292107,0.38076049,3.55612462,0.00362,0.04879,Replaced any <DL limit values with NA
15475,PR Woodland,03/03/2022,6300:00:00,Grab,Stream,MED added artificial times and type assignments,-16.93,-126.7,86.4941234567901,5.4166,13.0274,3.656,3.4510856,5.67654792,0.00737718,0.66389508,24.34071,0.00509,0.05975,Replaced any <DL limit values with NA
15476,PR Hailstone,03/03/2022,6324:00:00,Grab,Stream,MED added artificial times and type assignments,-16.95,-126.9,115.8,9.0263,12.8662,4.373,4.7463134,6.90678887,0.00206445,0.90457534,28.9487203,0.00409,0.08171,Replaced any <DL limit values with NA
15484,PR Soapstone,03/18/2022,6348:00:00,Grab,Stream,MED added artificial times and type assignments,-16.34,-122.9,17.0033695270223,2.9604,2.2921,1.859,1.79748328,1.3294687,0.02579292,0.40236897,4.34426977,0.00359,0.0806,Replaced any <DL limit values with NA
15485,PR Woodland,03/18/2022,6372:00:00,Grab,Stream,MED added artificial times and type assignments,-17.06,-126.8,103.6,8.0632,15.9065,3.606,4.45061442,6.34256845,0.00868417,0.69641393,27.3964961,0.00254,0.07069,Replaced any <DL limit values with NA
15486,PR Hailstone,03/18/2022,6396:00:00,Grab,Stream,MED added artificial times and type assignments,-16.94,-126.6,97.5,13.6191,11.8561,5.004,6.46106344,5.91835243,0.00473648,1.01804998,25.6886621,0.00307,0.08295,Replaced any <DL limit values with NA
15514,PR Soapstone,04/01/2022,6420:00:00,Grab,Stream,MED added artificial times and type assignments,-16.46,-124.1,15.4779120879121,4.2708,2.3628,1.868,2.14295292,1.31058339,0.06394175,0.41983597,4.37553796,0.0031,0.09327,Replaced any <DL limit values with NA
15515,PR Woodland,04/01/2022,6444:00:00,Grab,Stream,MED added artificial times and type assignments,-16.65,-125,67.9233216374269,11.5072,8.9175,3.065,5.78659575,4.59139747,0.02717969,0.64300413,19.7092436,0.00424,0.09136,Replaced any <DL limit values with NA
15516,PR Hailstone,04/01/2022,6468:00:00,Grab,Stream,MED added artificial times and type assignments,-16.64,-125.1,73.2,14.524,8.3966,4.101,6.63190281,4.49091389,0.01461426,0.9110456,19.6551418,0.00408,0.09548,Replaced any <DL limit values with NA
15523,PR Soapstone,04/15/2022,6492:00:00,Grab,Stream,MED added artificial times and type assignments,-16.45,-123.3,14.6220034305317,3.0922,2.0989,1.739,1.70808152,1.11289741,0.06539335,0.38042033,4.01731263,0.00476,0.06561,Replaced any <DL limit values with NA
15524,PR Woodland,04/15/2022,6516:00:00,Grab,Stream,MED added artificial times and type assignments,-16.77,-125,61,7.2724,6.7054,2.737,3.94182314,3.46132987,0.03043301,0.54804195,16.0825987,0.01824,0.19589,Replaced any <DL limit values with NA
15525,PR Hailstone,04/15/2022,6540:00:00,Grab,Stream,MED added artificial times and type assignments,-16.94,-125.5,73.2,11.3409,7.3465,3.473,5.26470527,4.08268401,0.0188517,0.7391709,18.5859971,0.00881,0.108,Replaced any <DL limit values with NA
15527,PR Soapstone,04/28/2022,6564:00:00,Grab,Stream,MED added artificial times and type assignments,-16.91,-125.9,13.4264977656179,3.0684,2.5935,1.677,1.70690826,1.12614923,0.07878952,0.40972144,3.77676737,0.00425,0.05529,Replaced any <DL limit values with NA
15528,PR Woodland,04/28/2022,6588:00:00,Grab,Stream,MED added artificial times and type assignments,-17.13,-126.3,44.561243902439,5.318,4.8311,2.761,2.89581078,2.55681079,0.04739753,0.54319987,12.7503216,0.00421,0.0433,Replaced any <DL limit values with NA
15529,PR Hailstone,04/28/2022,6612:00:00,Grab,Stream,MED added artificial times and type assignments,-17.03,-126,54.9,8.2453,5.2306,3.346,4.11557369,3.0485188,0.0262127,0.69991908,14.5173919,0.00639,0.04974,Replaced any <DL limit values with NA
15538,PR Soapstone,05/03/2022,6636:00:00,Grab,Stream,MED added artificial times and type assignments,-16.97,-127.6,15.0565252525253,2.6876,2.0886,1.701,1.42434189,1.08835506,0.10857918,0.40209081,4.1881359,0.0072,0.06519,Replaced any <DL limit values with NA
15539,PR Woodland,05/03/2022,6660:00:00,Grab,Stream,MED added artificial times and type assignments,-17.24,-126.5,42.0294149659864,4.3508,3.6247,2.633,2.47957857,2.3262395,0.05898028,0.55191335,11.5927944,0.00807,0.09561,Replaced any <DL limit values with NA
15540,PR Hailstone,05/03/2022,6684:00:00,Grab,Stream,MED added artificial times and type assignments,-17.01,-125.8,45.5473928571429,6.3354,4.1845,3.132,3.27521527,2.65724232,0.04179412,0.66803453,12.7930518,0.00751,0.05676,Replaced any <DL limit values with NA
15555,PR Soapstone,05/06/2022,6708:00:00,Grab,Stream,MED added artificial times and type assignments,-17.32,-127.8,14.0878858858859,2.4343,2.3478,1.698,1.32555074,1.03578859,0.10592941,0.40528626,3.9963798,0.00549,0.03394,Replaced any <DL limit values with NA
15556,PR Woodland,05/06/2022,6732:00:00,Grab,Stream,MED added artificial times and type assignments,-16.97,-127.2,42.7,3.8974,3.5166,2.401,2.25903507,2.17609022,0.06470733,0.47670926,10.8381166,0.00526,0.02555,Replaced any <DL limit values with NA
15557,PR Hailstone,05/06/2022,6756:00:00,Grab,Stream,MED added artificial times and type assignments,-17.09,-127.1,48.8,8.107,3.6955,2.882,3.86832381,2.63041439,0.04073366,0.60216009,12.9189281,0.00561,0.0263,Replaced any <DL limit values with NA
15565,PR Soapstone,05/12/2022,6780:00:00,Grab,Stream,MED added artificial times and type assignments,-17.36,-128.4,16.0546592797784,2.4375,1.6037,1.604,1.21735418,1.00363576,0.12063523,0.35016822,4.47272383,0.00642,0.03053,Replaced any <DL limit values with NA
15566,PR Woodland,05/12/2022,6804:00:00,Grab,Stream,MED added artificial times and type assignments,-16.94,-126.8,42.7,5.8846,2.6787,2.289,3.28071137,2.21508892,0.08383038,0.43971736,10.9010979,0.00825,0.03931,Replaced any <DL limit values with NA
15567,PR Hailstone,05/12/2022,6828:00:00,Grab,Stream,MED added artificial times and type assignments,-17,-126.7,40.1495756929638,12.9155,3.6787,2.946,4.90191527,2.65143896,0.04898878,0.57948853,13.1238835,0.00823,0.05565,Replaced any <DL limit values with NA
15604,PR Soapstone,05/16/2022,6852:00:00,Grab,Stream,MED added artificial times and type assignments,-17.11,-128.5,13.589301754386,2.2522,1.3753,1.575,1.26595501,0.89834914,0.14024574,0.41309318,3.55691265,0.00436,0.05747,Replaced any <DL limit values with NA
15605,PR Woodland,05/16/2022,6876:00:00,Grab,Stream,MED added artificial times and type assignments,-17.07,-128.2,31.5526046511628,3.276,1.8638,2.188,2.01192075,1.6374717,0.09281277,0.47719469,8.35946869,0.00516,0.0634,Replaced any <DL limit values with NA
15606,PR Hailstone,05/16/2022,6900:00:00,Grab,Stream,MED added artificial times and type assignments,-16.99,-127.8,38.1266110444178,6.4061,2.7285,2.843,3.50045292,2.15240975,0.05469961,0.82360896,10.3141405,0.00479,0.06188,Replaced any <DL limit values with NA
15617,PR Soapstone,05/19/2022,6924:00:00,Grab,Stream,MED added artificial times and type assignments,-16.88,-128.3,11.631703433923,2.0123,1.3216,1.507,1.17056419,0.78665648,0.14416333,0.41277647,3.01549316,0.00419,0.06759,Replaced any <DL limit values with NA
15618,PR Woodland,05/19/2022,6948:00:00,Grab,Stream,MED added artificial times and type assignments,-16.67,-127.8,28.5313636363636,2.5956,1.9271,2.156,1.57931691,1.42833049,0.09019424,0.48141768,7.70985902,0.00688,0.07167,Replaced any <DL limit values with NA
15619,PR Hailstone,05/19/2022,6972:00:00,Grab,Stream,MED added artificial times and type assignments,-16.77,-128.1,48.8,3.8547,2.7905,2.291,2.39726557,2.49170925,0.05587826,0.68730947,11.5407913,0.0054,0.07926,Replaced any <DL limit values with NA
15640,PR Soapstone,05/24/2022,6996:00:00,Grab,Stream,MED added artificial times and type assignments,-16.66,-127.9,18.3,1.9384,1.4878,1.661,1.31697341,1.16240147,0.11554761,0.37458281,4.98109509,0.00505,0.05375,Replaced any <DL limit values with NA
15641,PR Woodland,05/24/2022,7020:00:00,Grab,Stream,MED added artificial times and type assignments,-16.78,-127.8,42.7,2.8898,2.5128,2.546,1.9108884,2.03400901,0.07129469,0.4500746,10.7104606,0.00522,0.06093,Replaced any <DL limit values with NA
15642,PR Hailstone,05/24/2022,7044:00:00,Grab,Stream,MED added artificial times and type assignments,-16.64,-126.5,69.3670626598466,9.9988,3.5198,2.931,7.40769149,4.35227393,0.02947879,0.80979228,15.9358879,0.00744,0.08529,Replaced any <DL limit values with NA
15679,PR Soapstone,06/02/2022,7068:00:00,Grab,Stream,MED added artificial times and type assignments,-16.62,-127.8,17.382013986014,1.9379,1.518,1.426,1.15674943,1.0386584,0.09165818,0.32973914,4.59240617,0.00698,0.07364,Replaced any <DL limit values with NA
15680,PR Woodland,06/02/2022,7092:00:00,Grab,Stream,MED added artificial times and type assignments,-16.64,-126.7,41.745014354067,2.9509,2.7273,2.514,1.86554662,2.12995317,0.0616286,0.46014802,11.1927785,0.00536,0.06186,Replaced any <DL limit values with NA
15681,PR Hailstone,06/02/2022,7116:00:00,Grab,Stream,MED added artificial times and type assignments,-16.7,-126.7,85.2792708333333,9.2497,3.6585,2.645,8.63464186,5.69699299,0.03070329,0.9596011,17.4018856,0.00468,0.07542,Replaced any <DL limit values with NA
15688,PR Soapstone,06/07/2022,7140:00:00,Grab,Stream,MED added artificial times and type assignments,-16.62,-126.6,16.4204303804855,2.3587,1.0289,1.46,1.45784452,1.0068698,0.10745678,0.35846189,4.06832733,0.00503,0.09307,Replaced any <DL limit values with NA
15689,PR Woodland,06/07/2022,7164:00:00,Grab,Stream,MED added artificial times and type assignments,-16.94,-127.9,34.4722506459948,2.5826,2.2773,2.152,1.69110579,1.77607497,0.06930949,0.40234858,9.16924349,0.00324,0.05784,Replaced any <DL limit values with NA
15690,PR Hailstone,06/07/2022,7188:00:00,Grab,Stream,MED added artificial times and type assignments,-17.01,-128,67.1,5.1824,2.9772,2.134,4.0481317,3.89157978,0.03581285,0.62529406,14.9962562,0.00963,0.0611,Replaced any <DL limit values with NA
15745,PR Soapstone,06/14/2022,7212:00:00,Grab,Stream,MED added artificial times and type assignments,-16.64,-125.4,15.374907018907,2.0591,1.3201,1.282,1.27816639,0.98847978,0.07534578,0.32354731,3.88805169,0.01814,0.06714,Replaced any <DL limit values with NA
15746,PR Woodland,06/14/2022,7236:00:00,Grab,Stream,MED added artificial times and type assignments,-16.8,-125.4,40.1871168831169,3.0557,3.1151,2.326,1.89212836,2.1271928,0.05584353,0.44595633,10.8859959,0.01361,0.05534,Replaced any <DL limit values with NA
15747,PR Hailstone,06/14/2022,7260:00:00,Grab,Stream,MED added artificial times and type assignments,-17.03,-125.6,79.3,8.6523,3.2993,2.715,6.02669653,4.40943353,0.01273717,0.51842911,20.3877864,0.01555,0.08632,Replaced any <DL limit values with NA
15762,PR Soapstone,06/21/2022,7284:00:00,Grab,Stream,MED added artificial times and type assignments,-16.86,-124.4,15.3023177226814,1.7642,1.4918,1.354,1.08483145,0.98449153,0.05652246,0.31795522,3.94321656,0.00812,0.06627,Replaced any <DL limit values with NA
15763,PR Woodland,06/21/2022,7308:00:00,Grab,Stream,MED added artificial times and type assignments,-16.89,-123.8,54.9,3.2735,4.8188,2.745,2.13312982,2.99148334,0.03439499,0.51244249,14.5696011,0.00689,0.06148,Replaced any <DL limit values with NA
15764,PR Hailstone,06/21/2022,7332:00:00,Grab,Stream,MED added artificial times and type assignments,-16.87,-124.4,75.4808068181818,5.6337,4.6586,3.108,3.32317316,4.18402725,0.01552737,0.5745018,19.8867777,0.00873,0.06674,Replaced any <DL limit values with NA
15789,PR Soapstone,06/28/2022,7356:00:00,Grab,Stream,MED added artificial times and type assignments,-16.86,-121.7,18.1393330723253,1.6378,1.8872,1.372,1.17305827,1.179776,0.03724129,0.38122314,4.55889203,0.01457,0.08716,Replaced any <DL limit values with NA
15790,PR Woodland,06/28/2022,7380:00:00,Grab,Stream,MED added artificial times and type assignments,-17.19,-123.5,73.2,3.9452,7.0787,3.018,2.37476493,3.97797509,0.01889784,0.60813034,19.1991904,0.02643,0.11442,Replaced any <DL limit values with NA
15791,PR Hailstone,06/28/2022,7404:00:00,Grab,Stream,MED added artificial times and type assignments,-17.1,-123.8,85.3,8.0319,6.6555,4.157,4.71542486,5.09049342,0.00368497,0.76607843,23.3624673,0.02642,0.10608,Replaced any <DL limit values with NA
15809,PR Soapstone,07/05/2022,7428:00:00,Grab,Stream,MED added artificial times and type assignments,-16.79,-121.5,19.0143996846669,1.6081,1.8445,1.326,1.16881514,1.21783153,0.03127527,0.38182405,4.74957323,0.02195,0.14631,Replaced any <DL limit values with NA
15810,PR Woodland,07/05/2022,7452:00:00,Grab,Stream,MED added artificial times and type assignments,-16.92,-122.9,104.008720588235,4.2858,8.0399,2.999,2.95510885,5.65585621,0.00789722,0.79113064,27.7022589,0.01743,0.093,Replaced any <DL limit values with NA
15811,PR Hailstone,07/05/2022,7476:00:00,Grab,Stream,MED added artificial times and type assignments,-16.8,-124.1,91.4,8.201,7.2663,4.163,4.52364316,5.11535563,0.0096815,0.7876162,23.4049909,0.04772,0.18648,Replaced any <DL limit values with NA
15839,PR Soapstone,07/19/2022,7500:00:00,Grab,Stream,MED added artificial times and type assignments,-16.24,-119.2,17.9516744049368,2.6479,1.617,0.99,1.49820024,1.23575912,0.02558103,0.40720353,4.76924608,0.01444,0.12458,Replaced any <DL limit values with NA
15840,PR Woodland,07/19/2022,7524:00:00,Grab,Stream,MED added artificial times and type assignments,-16.6,-121.4,85.3,4.9942,10.5094,3.503,2.64366236,4.59140766,0.01414476,0.67671446,20.8905091,0.01348,0.14609,Replaced any <DL limit values with NA
15841,PR Hailstone,07/19/2022,7548:00:00,Grab,Stream,MED added artificial times and type assignments,-16.3,-120.2,103.6,10.8576,7.9012,5.172,6.01671788,6.67225486,0.00285429,1.0610468,29.7723423,0.01658,0.14931,Replaced any <DL limit values with NA
15904,PR Soapstone,08/02/2022,7572:00:00,Grab,Stream,MED added artificial times and type assignments,-15.94,-116.9,17.9516744049368,2.3116,1.5323,1.13,1.45863979,1.17643228,0.03646271,0.40199508,4.52781145,0.01809,0.17713,Replaced any <DL limit values with NA
15905,PR Woodland,08/02/2022,7596:00:00,Grab,Stream,MED added artificial times and type assignments,-16.1,-119.8,85.3,4.3725,8.9604,3.36,2.8332673,5.05067169,0.00838274,0.87572926,25.1985765,0.01268,0.14143,Replaced any <DL limit values with NA
15906,PR Hailstone,08/02/2022,7620:00:00,Grab,Stream,MED added artificial times and type assignments,-16.02,-118.8,103.6,11.5337,8.9064,5.58,6.28948677,6.47369182,0.00624225,1.5102555,29.7803486,0.01716,0.0948,Replaced any <DL limit values with NA
10109,Quartzite Groundwater,10/31/2012,7644:00:00,Groundwater,Endmember,MED added artificial times and type assignments,-14.23,-108.3,7.8,1.0959,4.0755,2.252,0.77951,0.62309,0.00403,0.22371,1.75517,0.00006,0.00018,Replaced any <DL limit values with NA
10730,Quartzite Groundwater,10/18/2013,7668:00:00,Groundwater,Endmember,MED added artificial times and type assignments,-14.31,-104.8,3.4,0.6393,2.0415,2.112,0.99054,0.73539,0.02466,0.30597,2.07717,0.00246,0.01778,Replaced any <DL limit values with NA
11585,Quartzite Groundwater,10/31/2014,7692:00:00,Groundwater,Endmember,MED added artificial times and type assignments,-13.836143,-101.514606,11.2,0.62,2.1462,2.341,1.8058,1.64251,0.0577,0.62931,3.80338,0.00504,0.04402,Replaced any <DL limit values with NA
10111,Quartzite Groundwater,10/31/2012,7716:00:00,Groundwater,Endmember,MED added artificial times and type assignments,-13.94,-108,3.8,0.8864,2.7201,1.671,0.68665,0.49897,0.03006,0.19699,1.61652,0.00295,0.02943,Replaced any <DL limit values with NA
10731,Quartzite Groundwater,10/18/2013,7740:00:00,Groundwater,Endmember,MED added artificial times and type assignments,-14.39,-106.5,4.3,0.5457,1.0261,1.77,0.60507,0.42156,0.06218,0.16082,1.44861,0.00222,0.02839,Replaced any <DL limit values with NA
11586,Quartzite Groundwater,10/31/2014,7764:00:00,Groundwater,Endmember,MED added artificial times and type assignments,-14.208798,-103.976134,15.1,0.4877,1.2839,1.844,1.22788,1.01529,0.09319,0.40492,2.88769,0.00501,0.06749,Replaced any <DL limit values with NA
12556,Quartzite Groundwater,05/26/2016,7788:00:00,Groundwater,Endmember,MED added artificial times and type assignments,-14.19,-111.7,8.6,5.23,1.41,1.54,2.161441,0.725601,0.201416,0.314698,2.125697,0.236797,0.0000967,Replaced any <DL limit values with NA
15263,Snow,04/19/2021,7812:00:00,Snow,Endmember,MED added artificial times and type assignments,-20.38,-149.48,6,0.1595,0.4389,0.0224,0.08,0.039,0.003,NA,0.44,0.002,0.001,Replaced any <DL limit values with NA
15264,Snow,04/19/2021,7836:00:00,Snow,Endmember,MED added artificial times and type assignments,-20.11,-147.67,4.7,1.0119,0.0185,0.0256,0.09,0.033,0.005,0.04,0.33,0.0024,0.001,Replaced any <DL limit values with NA
15265,Snow,04/19/2021,7860:00:00,Snow,Endmember,MED added artificial times and type assignments,-20.49,-149.63,4.5,0.253,0.4606,0.0227,0.07,0.032,0.004,NA,0.37,0.002,0.001,Replaced any <DL limit values with NA
15266,Snow,04/19/2021,7884:00:00,Snow,Endmember,MED added artificial times and type assignments,-20.34,-147.52,3.1,0.2182,0.4682,0.0297,0.1,0.061,0.003,NA,0.45,0.0021,0.001,Replaced any <DL limit values with NA
15267,Snow,04/19/2021,7908:00:00,Snow,Endmember,MED added artificial times and type assignments,-19.95,-144.89,4.3,0.1889,0.3518,0.0209,0.08,0.022,0.003,NA,0.14,0.0012,0.001,Replaced any <DL limit values with NA
15268,Snow,04/19/2021,7932:00:00,Snow,Endmember,MED added artificial times and type assignments,-20.53,-148.46,4.1,1.0684,0.4693,0.0209,0.1,0.053,0.004,NA,0.31,0.0025,0.001,Replaced any <DL limit values with NA
15662,Soil Water,06/02/2022,7956:00:00,Soil water lysimeter dry,Endmember,MED added artificial times and type assignments,-18.67,-137.5,18.3,1.2891,1.078,4.094,0.75,0.521,2.0471,0.608,1.4,0.0202,2.3568,Replaced any <DL limit values with NA
15666,Soil Water,06/02/2022,7980:00:00,Soil water lysimeter dry,Endmember,MED added artificial times and type assignments,-18.76,-138.8,30.5,3.2443,2.7894,2.429,1.09,1.241,1.0229,1.202,4.49,0.0632,0.6383,Replaced any <DL limit values with NA
15667,Soil Water,06/02/2022,8004:00:00,Soil water lysimeter dry,Endmember,MED added artificial times and type assignments,-17.74,-135.8,12.2,0.5436,1.2001,2.416,0.65,0.478,1.3788,0.586,1.36,0.0078,1.2774,Replaced any <DL limit values with NA
15669,Soil Water,06/02/2022,8028:00:00,Soil water lysimeter dry,Endmember,MED added artificial times and type assignments,-19.01,-142,54.9,32.8548,2.2238,1.648,16.98,1.714,0.6309,1.945,11.32,0.1293,0.4057,Replaced any <DL limit values with NA
15676,Soil Water,06/02/2022,8052:00:00,Soil water lysimeter dry,Endmember,MED added artificial times and type assignments,-18.06,-135.1,18.3,1.5606,1.7026,10.91,0.96,1.28,3.8776,1.091,4.51,0.0363,2.3159,Replaced any <DL limit values with NA
15677,Soil Water,06/02/2022,8076:00:00,Soil water lysimeter dry,Endmember,MED added artificial times and type assignments,-18.08,-134.5,18.3,1.3919,1.3675,10.91,0.73,1.046,3.6446,0.761,2.68,0.1318,2.5503,Replaced any <DL limit values with NA
15927,Carbonate Groundwater,08/05/2022,8100:00:00,Groundwater,Endmember,MED added artificial times and type assignments,-16.95,-122.7,207.3,2.2081,2.6103,3.87,1.79,4.977,0.0069,0.383,91.85,0.0022,0.003,Replaced any <DL limit values with NA
15928,Carbonate Groundwater,08/05/2022,8124:00:00,Groundwater,Endmember,MED added artificial times and type assignments,-17.89,-129,225.6,2.0801,2.6326,2.194,1.34,17.381,0.0077,0.385,53.82,0.0002,0.0011,Replaced any <DL limit values with NA
16033,Carbonate Groundwater,09/23/2022,8148:00:00,Groundwater,Endmember,MED added artificial times and type assignments,-16.7,-123.4,207.3,2.4972,2.082,,2.07,4.924,0.0064,0.564,85.16,0.0029,0.0058,Replaced any <DL limit values with NA
16034,Carbonate Groundwater,09/23/2022,8172:00:00,Groundwater,Endmember,MED added artificial times and type assignments,-17.42,-130,189,1.7618,2.6059,1.69,1.36,17.78,0.006,0.382,54.46,0.0001,0.0009,Replaced any <DL limit values with NA
15243,Ephemeral Stream,05/19/2021,8196:00:00,Baseflow,Endmember,MED added artificial times and type assignments,-18.34,-136.08,12.19,24.8582,1.1822,2.223,17.67,0.59,0.317,0.56,2.12,0.0121,0.118,Replaced any <DL limit values with NA
15244,Ephemeral Stream,05/19/2021,8220:00:00,Baseflow,Endmember,MED added artificial times and type assignments,-18.43,-137.3,12.19,10.9195,0.7766,1.155,5.95,0.33,0.185,0.23,1.12,0.0019,0.055,Replaced any <DL limit values with NA
15245,Ephemeral Stream,05/19/2021,8244:00:00,Baseflow,Endmember,MED added artificial times and type assignments,-18.62,-138.22,12.19,8.1626,1.0674,2.486,8.02,0.38,0.453,0.36,1.21,0.0022,0.161,Replaced any <DL limit values with NA
15246,Ephemeral Stream,05/19/2021,8268:00:00,Baseflow,Endmember,MED added artificial times and type assignments,-18.35,-135.61,12.19,0.844,1.2437,1.74,0.8,0.62,0.227,0.23,1.7,0.0028,0.069,Replaced any <DL limit values with NA
15247,Ephemeral Stream,05/19/2021,8292:00:00,Baseflow,Endmember,MED added artificial times and type assignments,-18.01,-134.17,12.19,1.1966,1.4165,1.782,0.76,0.48,0.289,0.21,1.72,0.0006,0.071,Replaced any <DL limit values with NA
15663,Ephemeral Stream,06/02/2022,8316:00:00,Baseflow,Endmember,MED added artificial times and type assignments,-18.18,-138.6,18.3,0.5134,0.5674,0.9858,0.44,0.26,0.1323,0.115,1.25,0.0004,0.0318,Replaced any <DL limit values with NA
15664,Ephemeral Stream,06/02/2022,8340:00:00,Baseflow,Endmember,MED added artificial times and type assignments,-18.07,-137.3,12.2,73.2155,0.5115,1.216,28.58,3.224,0.0278,0.53,10.44,0.0006,0.0037,Replaced any <DL limit values with NA
15668,Ephemeral Stream,06/02/2022,8364:00:00,Baseflow,Endmember,MED added artificial times and type assignments,-18.77,-145.6,18.3,0.4116,0.1768,0.8936,0.52,0.416,0.0695,0.36,1.39,0.0018,0.0436,Replaced any <DL limit values with NA
15670,Ephemeral Stream,06/02/2022,8388:00:00,Baseflow,Endmember,MED added artificial times and type assignments,-17.3,-131.7,18.3,4.0285,0.835,1.568,1.57,1.127,0.0935,0.407,2.6,0.0008,0.0255,Replaced any <DL limit values with NA
15671,Ephemeral Stream,06/02/2022,8412:00:00,Baseflow,Endmember,MED added artificial times and type assignments,-17.17,-131.5,18.3,4.9433,0.8057,1.673,1.82,0.806,0.1769,0.356,2.48,0.0007,0.0417,Replaced any <DL limit values with NA
15675,Ephemeral Stream,06/02/2022,8436:00:00,Baseflow,Endmember,MED added artificial times and type assignments,-17.53,-135,18.3,1.2325,0.8824,1.047,0.68,0.605,0.1246,0.349,2.47,0.0012,0.0546,Replaced any <DL limit values with NA
